,sample_id,group_id
AAACCTGAGCTAGGCA_EBUS_28,,late_stage
AAACCTGCAACTGCGC_LUNG_T31,,early_stage
AAACCTGCATGCCTAA_LUNG_T20,,early_stage
AAACCTGGTCGTGGCT_EBUS_28,,late_stage
AAACCTGGTTCTCATT_EBUS_28,,late_stage
AAACCTGTCGTCACGG_EBUS_28,,late_stage
AAACGGGCACTAGTAC_EBUS_28,,late_stage
AAACGGGGTAGAGGAA_EBUS_28,,late_stage
AAACGGGTCTCGATGA_EBUS_28,,late_stage
AAAGCAAGTTCAGCGC_LUNG_T18,,early_stage
AAAGTAGCAGTTCCCT_EBUS_28,,late_stage
AAAGTAGGTACTTCTT_EBUS_06,,late_stage
AAATGCCCAGGGAGAG_EBUS_06,,late_stage
AAATGCCCATAGACTC_LUNG_T28,,early_stage
AAATGCCCATTTCAGG_EBUS_28,,late_stage
AAATGCCTCAGGTTCA_EBUS_28,,late_stage
AAATGCCTCCAAACAC_LUNG_T28,,early_stage
AAATGCCTCCCTTGCA_LUNG_T18,,early_stage
AAATGCCTCTGCAGTA_LUNG_T30,,early_stage
AACACGTCAATAGAGT_EBUS_06,,late_stage
AACACGTGTAGGGACT_EBUS_28,,late_stage
AACCATGCAGAAGCAC_EBUS_28,,late_stage
AACCATGCAGTCAGCC_EBUS_49,,late_stage
AACCATGCATCAGTCA_LUNG_T28,,early_stage
AACCATGCATGCATGT_EBUS_28,,late_stage
AACCATGGTGAAAGAG_LUNG_T28,,early_stage
AACCGCGTCAACGCTA_LUNG_T28,,early_stage
AACGTTGAGCTGCAAG_EBUS_28,,late_stage
AACGTTGCATACCATG_EBUS_28,,late_stage
AACGTTGTCTCCGGTT_LUNG_T28,,early_stage
AACGTTGTCTTCATGT_EBUS_28,,late_stage
AACTCAGGTAGCCTAT_LUNG_T18,,early_stage
AACTCAGTCTTGCATT_EBUS_28,,late_stage
AACTCCCGTCTGCAAT_EBUS_06,,late_stage
AACTCTTAGCACCGCT_EBUS_28,,late_stage
AACTCTTAGCCAGTAG_LUNG_T28,,early_stage
AACTCTTAGTGTCCAT_LUNG_T28,,early_stage
AACTCTTCACCAACCG_EBUS_28,,late_stage
AACTCTTGTCTGCCAG_EBUS_28,,late_stage
AACTTTCGTGTCGCTG_LUNG_T18,,early_stage
AAGACCTAGCATCATC_EBUS_28,,late_stage
AAGACCTAGTACGTTC_EBUS_28,,late_stage
AAGACCTGTTGATTGC_EBUS_28,,late_stage
AAGCCGCCATATGCTG_EBUS_28,,late_stage
AAGGAGCGTGCGGTAA_LUNG_T34,,early_stage
AAGGAGCGTTACCAGT_EBUS_28,,late_stage
AAGGCAGTCCCACTTG_EBUS_28,,late_stage
AAGGTTCTCACGAAGG_BRONCHO_58,,late_stage
AAGGTTCTCAGTTAGC_LUNG_T18,,early_stage
AAGTCTGAGGACATTA_LUNG_T34,,early_stage
AATCCAGCAGACACTT_EBUS_28,,late_stage
AATCCAGTCACTCCTG_EBUS_28,,late_stage
AATCCAGTCAGAGACG_EBUS_28,,late_stage
AATCGGTCACCCATTC_BRONCHO_58,,late_stage
AATCGGTGTCAGCTAT_LUNG_T28,,early_stage
ACACCAAAGTTATCGC_EBUS_28,,late_stage
ACACCAACATGCAATC_LUNG_T18,,early_stage
ACACCAAGTTGGACCC_EBUS_06,,late_stage
ACACCCTCACGCGAAA_EBUS_28,,late_stage
ACACCCTTCCACTGGG_EBUS_28,,late_stage
ACACCGGAGACGCTTT_LUNG_T18,,early_stage
ACACCGGAGTAATCCC_EBUS_06,,late_stage
ACACCGGCACCCATTC_EBUS_06,,late_stage
ACACCGGCACGGATAG_LUNG_T31,,early_stage
ACACTGAAGCGTTCCG_EBUS_28,,late_stage
ACACTGACAAACGTGG_EBUS_28,,late_stage
ACACTGACACTAGTAC_EBUS_28,,late_stage
ACACTGACAGCTGCAC_LUNG_T20,,early_stage
ACAGCCGAGGACACCA_EBUS_28,,late_stage
ACAGCCGAGGTTACCT_EBUS_28,,late_stage
ACAGCCGTCAAGGCTT_EBUS_28,,late_stage
ACAGCTAAGCACACAG_EBUS_28,,late_stage
ACAGCTAGTAGAGTGC_EBUS_28,,late_stage
ACAGCTAGTGTAACGG_EBUS_28,,late_stage
ACAGCTAGTTCCGTCT_EBUS_28,,late_stage
ACAGCTATCGGTCTAA_EBUS_06,,late_stage
ACAGCTATCGGTCTAA_EBUS_28,,late_stage
ACATACGGTACGCTGC_EBUS_28,,late_stage
ACATACGTCCAAATGC_LUNG_T18,,early_stage
ACATCAGAGCCAGTTT_EBUS_06,,late_stage
ACATCAGAGCCCGAAA_LUNG_T18,,early_stage
ACATCAGAGGATATAC_LUNG_T28,,early_stage
ACATCAGGTCTAGCGC_EBUS_28,,late_stage
ACATGGTAGGAGTTTA_EBUS_28,,late_stage
ACATGGTGTGTTCGAT_EBUS_06,,late_stage
ACATGGTGTTTGTGTG_EBUS_28,,late_stage
ACATGGTTCCAGAGGA_EBUS_06,,late_stage
ACCAGTACAGAGTGTG_EBUS_06,,late_stage
ACCCACTCAGTTAACC_LUNG_T34,,early_stage
ACCCACTGTCCGAACC_EBUS_28,,late_stage
ACCCACTTCGGTCCGA_EBUS_06,,late_stage
ACCGTAAAGAAGATTC_EBUS_28,,late_stage
ACCGTAAGTTACGTCA_EBUS_28,,late_stage
ACCTTTACACCAGTTA_EBUS_28,,late_stage
ACCTTTAGTGTGACCC_EBUS_28,,late_stage
ACGAGCCAGACAAAGG_EBUS_28,,late_stage
ACGAGCCCATCTCCCA_EBUS_28,,late_stage
ACGAGCCCATGCAATC_LUNG_T28,,early_stage
ACGAGGACAATCCGAT_EBUS_28,,late_stage
ACGAGGACACGAAGCA_EBUS_28,,late_stage
ACGAGGATCCAGATCA_EBUS_06,,late_stage
ACGATACTCCTATGTT_EBUS_28,,late_stage
ACGATGTAGTGTGAAT_EBUS_06,,late_stage
ACGATGTGTAGGGTAC_EBUS_28,,late_stage
ACGCAGCCAAATACAG_EBUS_28,,late_stage
ACGCAGCTCGAATCCA_EBUS_28,,late_stage
ACGCAGCTCGCCATAA_EBUS_28,,late_stage
ACGCCGACAGCGAACA_EBUS_28,,late_stage
ACGCCGAGTTCCACGG_EBUS_28,,late_stage
ACGCCGATCTGAAAGA_LUNG_T34,,early_stage
ACGGAGAAGTTAGGTA_EBUS_28,,late_stage
ACGGAGACAAGGGTCA_EBUS_28,,late_stage
ACGGAGAGTCGTGGCT_LUNG_T25,,early_stage
ACGGAGATCCGTTGTC_EBUS_28,,late_stage
ACGGCCACACGGACAA_EBUS_06,,late_stage
ACGGCCAGTCTGCGGT_LUNG_T34,,early_stage
ACGGCCAGTTAAAGTG_EBUS_28,,late_stage
ACGGGCTCAAAGGTGC_EBUS_28,,late_stage
ACGGGTCAGGTTACCT_EBUS_28,,late_stage
ACGTCAACAGTAACGG_LUNG_T34,,early_stage
ACTATCTAGGACAGAA_EBUS_28,,late_stage
ACTATCTAGGTGCACA_EBUS_06,,late_stage
ACTATCTCATAAGACA_EBUS_28,,late_stage
ACTATCTTCCGCTGTT_LUNG_T28,,early_stage
ACTATCTTCTCAAACG_EBUS_06,,late_stage
ACTGAACAGGCTATCT_EBUS_28,,late_stage
ACTGAACCATCGTCGG_LUNG_T34,,early_stage
ACTGAACGTACGCTGC_LUNG_T28,,early_stage
ACTGAACGTGTTTGTG_EBUS_28,,late_stage
ACTGAGTAGCTAGCCC_EBUS_06,,late_stage
ACTGAGTCACTTACGA_EBUS_28,,late_stage
ACTGAGTCAGCGTTCG_EBUS_06,,late_stage
ACTGAGTCATTCACTT_LUNG_T28,,early_stage
ACTGATGCATGTCTCC_EBUS_28,,late_stage
ACTGATGTCGAATGGG_EBUS_28,,late_stage
ACTGATGTCGATGAGG_EBUS_28,,late_stage
ACTGCTCTCTCCAACC_LUNG_T18,,early_stage
ACTGTCCCAAGCTGAG_EBUS_28,,late_stage
ACTGTCCCACAAGCCC_EBUS_28,,late_stage
ACTGTCCGTTAGAACA_LUNG_T34,,early_stage
ACTGTCCTCTGCCAGG_BRONCHO_58,,late_stage
ACTTACTAGTGCTGCC_EBUS_28,,late_stage
ACTTACTAGTTTCCTT_LUNG_T20,,early_stage
ACTTACTGTAAGTTCC_LUNG_T28,,early_stage
ACTTACTTCTACTCAT_EBUS_28,,late_stage
ACTTGTTAGGCTACGA_EBUS_28,,late_stage
ACTTGTTGTGTTTGTG_EBUS_28,,late_stage
ACTTGTTGTTCGGCAC_LUNG_T18,,early_stage
ACTTGTTTCTGATTCT_EBUS_28,,late_stage
ACTTGTTTCTTGTACT_EBUS_06,,late_stage
ACTTTCAAGCGGATCA_EBUS_28,,late_stage
ACTTTCATCCGTAGTA_EBUS_28,,late_stage
AGAATAGAGAGGTTAT_LUNG_T18,,early_stage
AGAATAGCATGAAGTA_LUNG_T28,,early_stage
AGAATAGCATTACCTT_EBUS_28,,late_stage
AGAATAGGTACACCGC_EBUS_28,,late_stage
AGAATAGGTTCAACCA_LUNG_T30,,early_stage
AGAATAGTCCCAAGTA_EBUS_06,,late_stage
AGACGTTGTAGTGAAT_LUNG_T34,,early_stage
AGAGCGAGTCTTCGTC_EBUS_28,,late_stage
AGAGCGATCGACGGAA_EBUS_28,,late_stage
AGAGCTTAGAAACGCC_EBUS_06,,late_stage
AGAGCTTCACGACGAA_EBUS_28,,late_stage
AGAGTGGCAATTCCTT_LUNG_T18,,early_stage
AGAGTGGTCCTTGCCA_EBUS_28,,late_stage
AGATCTGAGAGGTTAT_EBUS_28,,late_stage
AGATCTGTCGCAGGCT_LUNG_T20,,early_stage
AGATTGCGTGGACGAT_EBUS_28,,late_stage
AGCAGCCCACGTGAGA_EBUS_06,,late_stage
AGCATACTCAGTTGAC_EBUS_28,,late_stage
AGCCTAAGTATTACCG_EBUS_28,,late_stage
AGCCTAATCGACCAGC_BRONCHO_58,,late_stage
AGCGGTCAGCGATGAC_EBUS_28,,late_stage
AGCGGTCAGGGTTTCT_EBUS_28,,late_stage
AGCGGTCGTACTTCTT_EBUS_28,,late_stage
AGCGGTCGTAGGAGTC_LUNG_T20,,early_stage
AGCGTATGTAGCGATG_EBUS_28,,late_stage
AGCGTATTCTTGCATT_EBUS_28,,late_stage
AGCGTCGAGATGTGTA_EBUS_28,,late_stage
AGCGTCGCAGGTCGTC_EBUS_28,,late_stage
AGCGTCGGTCGCGTGT_EBUS_28,,late_stage
AGCTCCTAGCGACGTA_EBUS_28,,late_stage
AGCTCCTAGGAATGGA_EBUS_28,,late_stage
AGCTCCTAGGCCCGTT_LUNG_T18,,early_stage
AGCTCTCCAACACGCC_BRONCHO_58,,late_stage
AGCTTGAGTGAACCTT_LUNG_T20,,early_stage
AGGCCACAGAGCTATA_EBUS_28,,late_stage
AGGCCACAGTAGTGCG_LUNG_T18,,early_stage
AGGCCACAGTGCCATT_LUNG_T20,,early_stage
AGGCCACCACTAAGTC_EBUS_28,,late_stage
AGGCCACTCTCCTATA_EBUS_06,,late_stage
AGGCCGTCATATACGC_LUNG_T28,,early_stage
AGGGAGTAGCTCTCGG_BRONCHO_58,,late_stage
AGGGAGTAGTGCCAGA_EBUS_28,,late_stage
AGGGAGTAGTTGAGAT_EBUS_28,,late_stage
AGGGAGTGTGACGGTA_EBUS_28,,late_stage
AGGGAGTGTTACGGAG_EBUS_28,,late_stage
AGGGATGAGGGTGTGT_EBUS_28,,late_stage
AGGGATGAGTGACATA_EBUS_28,,late_stage
AGGGATGGTGAAGGCT_LUNG_T34,,early_stage
AGGGATGTCTCATTCA_EBUS_28,,late_stage
AGGGTGACATGCCACG_EBUS_28,,late_stage
AGGGTGATCTGCAAGT_EBUS_28,,late_stage
AGGTCATGTAATCACC_LUNG_T19,,early_stage
AGGTCATTCCAAACTG_EBUS_28,,late_stage
AGGTCCGGTGATAAAC_EBUS_28,,late_stage
AGGTCCGTCAAGGCTT_EBUS_28,,late_stage
AGGTCCGTCCTAAGTG_EBUS_28,,late_stage
AGTAGTCCACGCATCG_EBUS_06,,late_stage
AGTAGTCGTCAGTGGA_LUNG_T18,,early_stage
AGTAGTCTCGTTACAG_EBUS_28,,late_stage
AGTCTTTAGCAGCCTC_EBUS_06,,late_stage
AGTCTTTGTAGGGTAC_EBUS_28,,late_stage
AGTCTTTTCAACTCTT_EBUS_06,,late_stage
AGTGAGGGTTACTGAC_LUNG_T20,,early_stage
AGTGAGGTCTTCGAGA_EBUS_28,,late_stage
AGTGGGAGTGCAGTAG_EBUS_28,,late_stage
AGTGGGATCCGCGTTT_EBUS_28,,late_stage
AGTGTCACAACACGCC_EBUS_06,,late_stage
AGTGTCATCCTCATTA_LUNG_T28,,early_stage
AGTGTCATCGAGAACG_LUNG_T19,,early_stage
AGTGTCATCTGGGCCA_LUNG_T20,,early_stage
AGTTGGTAGAATGTGT_LUNG_T20,,early_stage
AGTTGGTCATAACCTG_EBUS_28,,late_stage
ATAACGCCACATTCGA_LUNG_T20,,early_stage
ATAACGCGTCAGAAGC_LUNG_T28,,early_stage
ATAACGCGTCATCCCT_EBUS_28,,late_stage
ATAAGAGCAGGCGATA_EBUS_06,,late_stage
ATAAGAGCATACCATG_EBUS_06,,late_stage
ATAGACCCAAGACGTG_EBUS_28,,late_stage
ATAGACCCACGTCAGC_EBUS_28,,late_stage
ATAGACCCACTAAGTC_LUNG_T34,,early_stage
ATAGACCGTTAAGTAG_EBUS_06,,late_stage
ATCACGACACTGTCGG_EBUS_28,,late_stage
ATCACGATCGCTAGCG_EBUS_28,,late_stage
ATCATCTGTAGCACGA_EBUS_28,,late_stage
ATCATGGAGTAGGTGC_EBUS_06,,late_stage
ATCATGGCACCAGGCT_LUNG_T20,,early_stage
ATCCACCGTGGCCCTA_LUNG_T18,,early_stage
ATCCGAAGTCTTGTCC_EBUS_28,,late_stage
ATCGAGTCATGGTCTA_EBUS_06,,late_stage
ATCGAGTGTGTGAATA_EBUS_28,,late_stage
ATCTACTGTATCACCA_LUNG_T28,,early_stage
ATCTGCCAGAGTGACC_LUNG_T28,,early_stage
ATCTGCCAGAGTGAGA_EBUS_28,,late_stage
ATCTGCCCAACTGGCC_LUNG_T34,,early_stage
ATGAGGGGTTCCCTTG_EBUS_28,,late_stage
ATGAGGGTCTGCGGCA_LUNG_T18,,early_stage
ATGGGAGAGAGTGAGA_EBUS_28,,late_stage
ATGGGAGAGTGTACTC_LUNG_T28,,early_stage
ATGGGAGCACTGTCGG_EBUS_49,,late_stage
ATGTGTGCAACACGCC_EBUS_28,,late_stage
ATGTGTGGTATTCTCT_LUNG_T20,,early_stage
ATGTGTGGTGCTGTAT_LUNG_T28,,early_stage
ATGTGTGTCGGCATCG_LUNG_T25,,early_stage
ATGTGTGTCGTACGGC_LUNG_T18,,early_stage
ATGTGTGTCTTATCTG_EBUS_06,,late_stage
ATTACTCAGCGTGAGT_EBUS_06,,late_stage
ATTACTCTCGAATGCT_EBUS_28,,late_stage
ATTATCCGTGGAAAGA_EBUS_28,,late_stage
ATTATCCTCGAGGTAG_LUNG_T34,,early_stage
ATTCTACCACTAGTAC_EBUS_28,,late_stage
ATTCTACGTCTTCAAG_LUNG_T18,,early_stage
ATTGGACCAATGACCT_LUNG_T20,,early_stage
ATTGGACTCAACCATG_LUNG_T18,,early_stage
ATTGGTGAGCGTGAGT_EBUS_28,,late_stage
ATTGGTGCACATGTGT_EBUS_28,,late_stage
ATTGGTGCAGGGTATG_EBUS_06,,late_stage
ATTGGTGTCACCAGGC_EBUS_28,,late_stage
ATTTCTGCAAGACGTG_EBUS_06,,late_stage
ATTTCTGGTCTGGTCG_LUNG_T28,,early_stage
CAACCAAGTTCGTGAT_EBUS_28,,late_stage
CAACCTCAGGTAAACT_EBUS_28,,late_stage
CAACCTCAGTGTTGAA_EBUS_06,,late_stage
CAACCTCGTACCATCA_LUNG_T18,,early_stage
CAACCTCTCGGCCGAT_EBUS_28,,late_stage
CAAGAAAGTTCGGGCT_BRONCHO_58,,late_stage
CAAGAAATCTTGCATT_EBUS_28,,late_stage
CAAGATCGTGAGGCTA_EBUS_28,,late_stage
CAAGATCTCCCACTTG_EBUS_06,,late_stage
CAAGGCCGTTGATTGC_EBUS_28,,late_stage
CAAGGCCTCAGGCGAA_EBUS_28,,late_stage
CAAGTTGCACGCCAGT_EBUS_06,,late_stage
CAAGTTGCAGTAAGCG_EBUS_28,,late_stage
CAAGTTGGTCAATACC_EBUS_28,,late_stage
CAAGTTGTCGAATCCA_EBUS_06,,late_stage
CAAGTTGTCTCGCATC_LUNG_T20,,early_stage
CACAAACAGCAGCCTC_EBUS_28,,late_stage
CACAAACAGGAGTAGA_EBUS_28,,late_stage
CACACAACAGGCTCAC_EBUS_28,,late_stage
CACACTCGTCAACATC_LUNG_T31,,early_stage
CACACTCGTTGGTGGA_EBUS_06,,late_stage
CACACTCTCTAACTTC_EBUS_28,,late_stage
CACAGTAAGAGCCTAG_LUNG_T28,,early_stage
CACAGTAAGCAATATG_EBUS_06,,late_stage
CACAGTACAATGGTCT_EBUS_28,,late_stage
CACAGTATCCAAGTAC_LUNG_T28,,early_stage
CACAGTATCGTGTAGT_EBUS_28,,late_stage
CACATAGAGGCCATAG_EBUS_28,,late_stage
CACCACTTCCAACCAA_EBUS_28,,late_stage
CACCAGGCACACTGCG_EBUS_28,,late_stage
CACCAGGTCACCCTCA_EBUS_28,,late_stage
CACCAGGTCCTTTCTC_EBUS_06,,late_stage
CACCTTGCATCGATGT_EBUS_28,,late_stage
CACCTTGGTACAGTTC_EBUS_28,,late_stage
CACCTTGGTAGAGTGC_LUNG_T34,,early_stage
CACCTTGTCGACCAGC_EBUS_28,,late_stage
CAGAATCGTGCGAAAC_LUNG_T28,,early_stage
CAGAATCTCAACGCTA_LUNG_T18,,early_stage
CAGAGAGAGTGGCACA_EBUS_28,,late_stage
CAGATCACATGTAGTC_EBUS_28,,late_stage
CAGCATACATGACATC_EBUS_28,,late_stage
CAGCATACATGCCTTC_EBUS_28,,late_stage
CAGCATAGTGGCCCTA_LUNG_T34,,early_stage
CAGCGACGTCACACGC_EBUS_28,,late_stage
CAGCGACTCAGTACGT_EBUS_28,,late_stage
CAGCTAAGTAAGTGTA_EBUS_28,,late_stage
CAGCTGGAGTTAACGA_EBUS_28,,late_stage
CAGCTGGCAAGTAGTA_EBUS_06,,late_stage
CAGCTGGGTCACCTAA_LUNG_T18,,early_stage
CAGGTGCGTCTCATCC_LUNG_T18,,early_stage
CAGGTGCTCAGAAATG_LUNG_T34,,early_stage
CAGTAACAGTGGGCTA_LUNG_T34,,early_stage
CAGTAACCACTATCTT_LUNG_T28,,early_stage
CAGTAACGTCTAGTGT_EBUS_06,,late_stage
CAGTAACGTGGCTCCA_EBUS_06,,late_stage
CAGTAACTCACATAGC_EBUS_49,,late_stage
CAGTCCTCATCTCGCT_LUNG_T25,,early_stage
CATATGGAGTCATCCA_EBUS_28,,late_stage
CATATGGCACGGATAG_EBUS_28,,late_stage
CATATGGGTCGACTAT_EBUS_28,,late_stage
CATATGGTCCTGCCAT_EBUS_28,,late_stage
CATATTCCAGCCACCA_EBUS_06,,late_stage
CATATTCTCCACGTTC_EBUS_28,,late_stage
CATATTCTCCTTCAAT_LUNG_T18,,early_stage
CATCAAGAGTGCCAGA_EBUS_28,,late_stage
CATCAAGTCACATAGC_EBUS_28,,late_stage
CATCAGAGTTCGCTAA_EBUS_28,,late_stage
CATCAGATCAGGCAAG_EBUS_06,,late_stage
CATCAGATCAGGCCCA_EBUS_28,,late_stage
CATCAGATCTCCAGGG_EBUS_28,,late_stage
CATCCACAGGTTCCTA_EBUS_06,,late_stage
CATCCACCAAAGGTGC_LUNG_T28,,early_stage
CATCGAATCTCTAAGG_BRONCHO_58,,late_stage
CATCGGGTCCGCATAA_LUNG_T34,,early_stage
CATGACAGTTTGGCGC_EBUS_28,,late_stage
CATGACATCCCTGACT_LUNG_T28,,early_stage
CATGCCTGTCTTTCAT_EBUS_28,,late_stage
CATGCCTTCAGGCAAG_EBUS_28,,late_stage
CATGGCGAGCTCTCGG_BRONCHO_58,,late_stage
CATTATCAGAAGGACA_BRONCHO_58,,late_stage
CATTATCAGGCCATAG_LUNG_T18,,early_stage
CATTATCCAGCTCGCA_EBUS_28,,late_stage
CATTATCCATCGTCGG_EBUS_28,,late_stage
CATTATCCATCTCGCT_EBUS_28,,late_stage
CCAATCCAGGACGAAA_EBUS_28,,late_stage
CCAATCCCAAGCTGGA_EBUS_06,,late_stage
CCAATCCCATAGTAAG_EBUS_06,,late_stage
CCAATCCTCAGCTTAG_LUNG_T20,,early_stage
CCACCTACAGTACACT_EBUS_28,,late_stage
CCACGGACAGATTGCT_EBUS_28,,late_stage
CCACGGACATCGATTG_EBUS_28,,late_stage
CCACGGACATGCGCAC_BRONCHO_58,,late_stage
CCACGGAGTCTAACGT_LUNG_T28,,early_stage
CCACGGATCGCAAACT_LUNG_T18,,early_stage
CCACTACAGGTGATTA_EBUS_28,,late_stage
CCAGCGAAGATGTTAG_EBUS_28,,late_stage
CCAGCGAAGGATTCGG_EBUS_28,,late_stage
CCAGCGAGTGCTCTTC_EBUS_28,,late_stage
CCAGCGATCATATCGG_EBUS_28,,late_stage
CCAGCGATCTTCATGT_LUNG_T28,,early_stage
CCATGTCTCAACGGGA_EBUS_28,,late_stage
CCATGTCTCGGCGGTT_LUNG_T20,,early_stage
CCCAATCGTGCTCTTC_EBUS_06,,late_stage
CCCAGTTAGCTGATAA_EBUS_06,,late_stage
CCCAGTTCATAGGATA_LUNG_T28,,early_stage
CCCAGTTGTGTGGCTC_EBUS_28,,late_stage
CCCAGTTTCCATTCTA_LUNG_T18,,early_stage
CCCAGTTTCGGACAAG_LUNG_T28,,early_stage
CCCAGTTTCTGCTTGC_LUNG_T18,,early_stage
CCCATACCAAAGCGGT_LUNG_T20,,early_stage
CCCATACCACAACGTT_EBUS_28,,late_stage
CCCATACGTAAATGTG_EBUS_28,,late_stage
CCCATACGTACGAAAT_EBUS_28,,late_stage
CCCATACGTGGTGTAG_EBUS_28,,late_stage
CCCATACTCTTCGGTC_LUNG_T18,,early_stage
CCCATACTCTTGTCAT_LUNG_T28,,early_stage
CCCTCCTAGAGAGCTC_LUNG_T28,,early_stage
CCCTCCTAGTAGATGT_EBUS_28,,late_stage
CCCTCCTCACAGATTC_EBUS_28,,late_stage
CCCTCCTCATGGTTGT_EBUS_28,,late_stage
CCCTCCTGTTTGTTTC_EBUS_28,,late_stage
CCCTCCTTCGATCCCT_LUNG_T28,,early_stage
CCGGGATGTCCGACGT_EBUS_28,,late_stage
CCGGTAGCAAATACAG_EBUS_06,,late_stage
CCGGTAGTCATACGGT_EBUS_28,,late_stage
CCGTGGAGTGTGGTTT_EBUS_28,,late_stage
CCTAAAGTCTACCTGC_EBUS_28,,late_stage
CCTACACAGTGGCACA_EBUS_28,,late_stage
CCTACACCACTCGACG_LUNG_T28,,early_stage
CCTACACTCCAAGCCG_EBUS_06,,late_stage
CCTACCAAGACCCACC_EBUS_28,,late_stage
CCTACCAAGTCGAGTG_EBUS_06,,late_stage
CCTACCAAGTGAAGTT_EBUS_28,,late_stage
CCTACCAGTTTGACTG_LUNG_T28,,early_stage
CCTACCATCGGAGGTA_EBUS_28,,late_stage
CCTAGCTAGCCAGAAC_EBUS_06,,late_stage
CCTAGCTGTCTCACCT_LUNG_T18,,early_stage
CCTAGCTTCGTGACAT_EBUS_28,,late_stage
CCTATTAAGGTGATTA_LUNG_T18,,early_stage
CCTATTAAGTTTCCTT_BRONCHO_58,,late_stage
CCTCTGAAGGGCTTCC_EBUS_28,,late_stage
CCTCTGACAAGTTGTC_EBUS_06,,late_stage
CCTTCCCGTCGTTGTA_EBUS_06,,late_stage
CCTTCCCGTGGCAAAC_LUNG_T18,,early_stage
CCTTCCCGTTGGGACA_EBUS_28,,late_stage
CCTTCCCTCATGTCCC_EBUS_28,,late_stage
CCTTCGAAGTTTGCGT_EBUS_28,,late_stage
CCTTCGAGTTGCGCAC_EBUS_28,,late_stage
CCTTCGATCCACGACG_LUNG_T18,,early_stage
CCTTTCTAGGATTCGG_EBUS_06,,late_stage
CCTTTCTCACGGCGTT_EBUS_06,,late_stage
CCTTTCTGTCGAGTTT_EBUS_06,,late_stage
CGAACATTCAGTACGT_EBUS_28,,late_stage
CGAATGTAGATCCGAG_EBUS_28,,late_stage
CGAATGTCAGTTCCCT_EBUS_28,,late_stage
CGACCTTCATCACGAT_EBUS_28,,late_stage
CGACTTCAGCGGATCA_BRONCHO_58,,late_stage
CGACTTCCATTATCTC_EBUS_28,,late_stage
CGACTTCTCTGCGACG_EBUS_28,,late_stage
CGAGAAGAGGCTCATT_EBUS_28,,late_stage
CGAGAAGCACCGAATT_EBUS_28,,late_stage
CGAGAAGGTTATCCGA_LUNG_T20,,early_stage
CGAGAAGTCGTAGGAG_EBUS_28,,late_stage
CGAGCACAGAGTGAGA_EBUS_06,,late_stage
CGAGCACCACAGAGGT_LUNG_T20,,early_stage
CGAGCACGTACTCAAC_EBUS_28,,late_stage
CGAGCCAAGATAGGAG_LUNG_T18,,early_stage
CGAGCCAGTATAGGTA_EBUS_28,,late_stage
CGAGCCATCAAGGCTT_EBUS_28,,late_stage
CGATCGGAGGCTCATT_LUNG_T18,,early_stage
CGATGGCAGGAGTCTG_LUNG_T34,,early_stage
CGATGGCAGTTACCCA_LUNG_T18,,early_stage
CGATGGCCACGCCAGT_EBUS_28,,late_stage
CGATGGCTCGCGTTTC_EBUS_28,,late_stage
CGATTGACAAAGTCAA_LUNG_T18,,early_stage
CGATTGACAGGTCCAC_EBUS_28,,late_stage
CGCCAAGCATCTATGG_EBUS_28,,late_stage
CGCCAAGTCTTAGCCC_EBUS_28,,late_stage
CGCGGTAAGAAGGTGA_EBUS_28,,late_stage
CGCGGTAAGTGAAGTT_EBUS_28,,late_stage
CGCGGTATCGCGTAGC_EBUS_28,,late_stage
CGCGTTTGTAAGGATT_EBUS_28,,late_stage
CGCTATCCACTATCTT_EBUS_06,,late_stage
CGCTGGACACGACTCG_EBUS_28,,late_stage
CGCTTCAAGGACAGAA_LUNG_T18,,early_stage
CGCTTCACACCGTTGG_EBUS_06,,late_stage
CGCTTCAGTCGACTGC_EBUS_28,,late_stage
CGCTTCAGTGGTAACG_EBUS_06,,late_stage
CGCTTCATCTCTAGGA_LUNG_T28,,early_stage
CGGACACTCTATCGCC_EBUS_28,,late_stage
CGGACACTCTGTCTAT_LUNG_T20,,early_stage
CGGACGTGTCAGTGGA_EBUS_28,,late_stage
CGGACGTGTCTGATCA_EBUS_28,,late_stage
CGGACGTTCCCTTGCA_EBUS_28,,late_stage
CGGACTGAGTCCATAC_LUNG_T18,,early_stage
CGGACTGTCCTGTAGA_EBUS_28,,late_stage
CGGAGCTCATGGTCTA_EBUS_06,,late_stage
CGGAGCTTCACAGTAC_EBUS_28,,late_stage
CGGAGTCCATTAGGCT_EBUS_28,,late_stage
CGGCTAGAGCGATGAC_BRONCHO_58,,late_stage
CGGGTCAAGTGCCAGA_LUNG_T34,,early_stage
CGGGTCACATGTAGTC_EBUS_28,,late_stage
CGGGTCATCGACGGAA_EBUS_49,,late_stage
CGTAGCGAGGCTCTTA_EBUS_06,,late_stage
CGTAGCGAGTACACCT_BRONCHO_58,,late_stage
CGTAGCGAGTGGAGAA_EBUS_28,,late_stage
CGTAGCGCAGGTGCCT_EBUS_28,,late_stage
CGTAGGCAGTGGGTTG_EBUS_28,,late_stage
CGTAGGCCAGTCAGAG_LUNG_T25,,early_stage
CGTAGGCGTAGGAGTC_EBUS_06,,late_stage
CGTAGGCTCAGCCTAA_LUNG_T18,,early_stage
CGTCACTAGACTGTAA_EBUS_28,,late_stage
CGTCACTAGGGTCTCC_EBUS_06,,late_stage
CGTCACTCACCGTTGG_LUNG_T18,,early_stage
CGTCACTCATTCGACA_LUNG_T28,,early_stage
CGTCACTGTCTGATCA_BRONCHO_58,,late_stage
CGTCACTTCTTCAACT_EBUS_28,,late_stage
CGTCAGGAGCACAGGT_EBUS_28,,late_stage
CGTCCATAGGCCCTTG_LUNG_T28,,early_stage
CGTCCATCACGAGGTA_EBUS_06,,late_stage
CGTCCATTCAGAGCTT_LUNG_T20,,early_stage
CGTCTACAGAGAACAG_LUNG_T31,,early_stage
CGTCTACAGTGCGATG_LUNG_T18,,early_stage
CGTCTACCACATTTCT_EBUS_28,,late_stage
CGTCTACGTGATAAGT_LUNG_T28,,early_stage
CGTCTACTCCCATTAT_EBUS_06,,late_stage
CGTGAGCCAAGCCATT_EBUS_28,,late_stage
CGTGAGCCAATGTAAG_EBUS_28,,late_stage
CGTGAGCGTAAGTTCC_LUNG_T28,,early_stage
CGTGTAAAGCTGCAAG_EBUS_28,,late_stage
CGTGTAATCAGAAATG_EBUS_28,,late_stage
CGTTAGACAGTAAGCG_EBUS_28,,late_stage
CGTTAGAGTTAAGATG_EBUS_28,,late_stage
CGTTAGATCGGCCGAT_LUNG_T28,,early_stage
CGTTCTGCACGGATAG_EBUS_28,,late_stage
CGTTGGGCAAAGCAAT_EBUS_28,,late_stage
CGTTGGGTCCTTCAAT_LUNG_T34,,early_stage
CTAACTTCACCAGTTA_EBUS_28,,late_stage
CTAACTTTCAAGCCTA_EBUS_28,,late_stage
CTAATGGAGTTCGCGC_EBUS_28,,late_stage
CTAATGGGTCGACTGC_EBUS_28,,late_stage
CTAATGGGTCTCGTTC_EBUS_28,,late_stage
CTAATGGGTTTAGGAA_EBUS_28,,late_stage
CTAATGGTCAACACAC_LUNG_T18,,early_stage
CTAATGGTCCTATTCA_EBUS_28,,late_stage
CTACACCAGACTGTAA_EBUS_28,,late_stage
CTACACCAGGGTATCG_EBUS_28,,late_stage
CTACACCCAGACGTAG_EBUS_06,,late_stage
CTACACCTCTCTAGGA_EBUS_28,,late_stage
CTACATTAGACTTTCG_EBUS_28,,late_stage
CTACATTAGCGAGAAA_EBUS_28,,late_stage
CTACCCAAGCGATGAC_LUNG_T28,,early_stage
CTACCCAGTAAGTGTA_EBUS_49,,late_stage
CTACCCATCCACGAAT_EBUS_28,,late_stage
CTACGTCGTATCGCAT_EBUS_28,,late_stage
CTACGTCTCCTAGGGC_EBUS_06,,late_stage
CTAGAGTCACCCATGG_EBUS_28,,late_stage
CTAGAGTCAGGCTGAA_EBUS_28,,late_stage
CTAGCCTAGGTAGCCA_EBUS_06,,late_stage
CTAGCCTGTCCATGAT_EBUS_28,,late_stage
CTAGCCTTCCTTGCCA_EBUS_06,,late_stage
CTAGTGAGTCACAAGG_EBUS_28,,late_stage
CTAGTGAGTGCGGTAA_EBUS_28,,late_stage
CTAGTGATCTCGTTTA_EBUS_28,,late_stage
CTCACACAGAGTTGGC_EBUS_28,,late_stage
CTCACACCAGTGGAGT_EBUS_28,,late_stage
CTCAGAAAGTATCGAA_LUNG_T18,,early_stage
CTCAGAACACGTCTCT_EBUS_28,,late_stage
CTCAGAAGTGAGGGAG_EBUS_28,,late_stage
CTCAGAATCACGGTTA_BRONCHO_58,,late_stage
CTCATTACACGAAACG_EBUS_28,,late_stage
CTCATTACACTACAGT_EBUS_28,,late_stage
CTCATTACAGTAAGAT_LUNG_T28,,early_stage
CTCATTAGTAGCTGCC_EBUS_06,,late_stage
CTCATTATCCATTCTA_EBUS_28,,late_stage
CTCCTAGAGAAGCCCA_LUNG_T34,,early_stage
CTCCTAGCAAGCCATT_EBUS_06,,late_stage
CTCCTAGTCGGAAACG_EBUS_28,,late_stage
CTCGAAATCTTTCCTC_LUNG_T25,,early_stage
CTCGAGGGTCGGCACT_LUNG_T28,,early_stage
CTCGAGGGTGCCTGGT_EBUS_28,,late_stage
CTCGGAGCAGGTCTCG_LUNG_T18,,early_stage
CTCGGAGGTTCAGTAC_LUNG_T34,,early_stage
CTCGGGAAGAGTCTGG_LUNG_T18,,early_stage
CTCGGGAGTACTCGCG_EBUS_28,,late_stage
CTCGTACAGCAGATCG_EBUS_06,,late_stage
CTCGTACAGGGAGTAA_EBUS_28,,late_stage
CTCGTACCATGACGGA_EBUS_28,,late_stage
CTCGTACGTTGTTTGG_LUNG_T30,,early_stage
CTCGTACTCTCCTATA_EBUS_28,,late_stage
CTCTAATCAGGCAGTA_EBUS_28,,late_stage
CTCTAATGTGACTCAT_LUNG_T34,,early_stage
CTCTACGGTACCCAAT_EBUS_28,,late_stage
CTCTACGGTGTGCGTC_EBUS_28,,late_stage
CTCTACGGTGTTTGTG_EBUS_06,,late_stage
CTCTGGTAGCTAGTGG_LUNG_T28,,early_stage
CTCTGGTCACACCGAC_BRONCHO_58,,late_stage
CTCTGGTGTCTGCAAT_EBUS_28,,late_stage
CTCTGGTTCACCACCT_EBUS_06,,late_stage
CTGAAACAGAATCTCC_EBUS_28,,late_stage
CTGAAACGTCTCCACT_EBUS_28,,late_stage
CTGAAGTTCGGTCCGA_LUNG_T34,,early_stage
CTGATAGAGAAGGGTA_LUNG_T18,,early_stage
CTGATAGAGGATGGAA_EBUS_06,,late_stage
CTGATCCCAAGCGATG_EBUS_28,,late_stage
CTGATCCCAGTAAGAT_EBUS_28,,late_stage
CTGATCCCATTGGGCC_EBUS_06,,late_stage
CTGATCCGTCGAGTTT_EBUS_28,,late_stage
CTGCCTAAGATAGCAT_BRONCHO_58,,late_stage
CTGCCTACAATAAGCA_LUNG_T28,,early_stage
CTGCCTAGTTCACGGC_LUNG_T28,,early_stage
CTGCGGAAGCGACGTA_EBUS_06,,late_stage
CTGCGGACAAACGTGG_LUNG_T28,,early_stage
CTGCGGACACACCGAC_EBUS_28,,late_stage
CTGCGGACATGTAAGA_EBUS_28,,late_stage
CTGCGGAGTCTCTTAT_LUNG_T34,,early_stage
CTGCGGATCGAGAGCA_EBUS_28,,late_stage
CTGCTGTCAAACCTAC_EBUS_28,,late_stage
CTGCTGTCAACTGCGC_EBUS_28,,late_stage
CTGCTGTCACTTACGA_LUNG_T34,,early_stage
CTGGTCTCAGACGCTC_EBUS_28,,late_stage
CTGGTCTGTTCCACAA_EBUS_28,,late_stage
CTGGTCTTCGTGGGAA_LUNG_T34,,early_stage
CTGTGCTAGCACGCCT_LUNG_T34,,early_stage
CTGTGCTCACGAAATA_BRONCHO_58,,late_stage
CTGTTTAAGACAAAGG_EBUS_28,,late_stage
CTTAACTCACAACGCC_EBUS_28,,late_stage
CTTAACTCACGAAGCA_LUNG_T28,,early_stage
CTTAACTTCTCCCTGA_LUNG_T18,,early_stage
CTTACCGCATCACAAC_EBUS_06,,late_stage
CTTACCGTCAGGTAAA_EBUS_28,,late_stage
CTTAGGAAGTAACCCT_EBUS_06,,late_stage
CTTAGGAGTCAAGCGA_EBUS_28,,late_stage
CTTAGGAGTTACGTCA_EBUS_06,,late_stage
CTTAGGATCCCGACTT_EBUS_28,,late_stage
CTTCTCTAGCTGCGAA_LUNG_T28,,early_stage
CTTCTCTAGTCAAGCG_LUNG_T20,,early_stage
CTTCTCTCAGCAGTTT_LUNG_T34,,early_stage
CTTCTCTGTCTTGATG_LUNG_T28,,early_stage
CTTCTCTTCCTTTCGG_EBUS_28,,late_stage
CTTGGCTGTTCAGACT_EBUS_28,,late_stage
CTTGGCTTCGAATGCT_EBUS_28,,late_stage
CTTTGCGCATTCACTT_EBUS_28,,late_stage
CTTTGCGGTAGCGCAA_LUNG_T34,,early_stage
CTTTGCGGTCTCTTTA_EBUS_06,,late_stage
CTTTGCGTCAGTCAGT_EBUS_28,,late_stage
GAAACTCAGTGTGAAT_EBUS_28,,late_stage
GAAACTCCAGCTCGCA_EBUS_28,,late_stage
GAAACTCGTCTGATTG_EBUS_28,,late_stage
GAAATGAAGATAGGAG_EBUS_28,,late_stage
GAAATGAAGCTTTGGT_EBUS_06,,late_stage
GAAATGAAGTTGCAGG_EBUS_28,,late_stage
GAAATGAGTACCGAGA_EBUS_28,,late_stage
GAAATGAGTATAGGGC_LUNG_T20,,early_stage
GAAATGATCTGCGACG_EBUS_28,,late_stage
GAACATCCATTTGCTT_EBUS_28,,late_stage
GAACATCTCACTTACT_LUNG_T28,,early_stage
GAACATCTCGTCGTTC_EBUS_28,,late_stage
GAACCTACACATGTGT_EBUS_06,,late_stage
GAACCTAGTTGCCTCT_EBUS_06,,late_stage
GAACCTATCGCCTGTT_EBUS_28,,late_stage
GAACGGAAGAGATGAG_EBUS_28,,late_stage
GAAGCAGAGGATGGTC_EBUS_28,,late_stage
GAATAAGAGCGATAGC_LUNG_T18,,early_stage
GAATAAGTCAGCGACC_EBUS_28,,late_stage
GAATGAACACTCAGGC_LUNG_T28,,early_stage
GACACGCCACGTAAGG_EBUS_28,,late_stage
GACACGCGTAGAGTGC_LUNG_T18,,early_stage
GACAGAGGTCGGCACT_EBUS_28,,late_stage
GACAGAGTCCTTAATC_EBUS_28,,late_stage
GACCAATCAATAGAGT_LUNG_T20,,early_stage
GACCAATGTAAGTAGT_EBUS_28,,late_stage
GACCAATGTAGCTGCC_EBUS_28,,late_stage
GACGCGTAGAGCTATA_EBUS_28,,late_stage
GACGCGTGTGGTAACG_EBUS_28,,late_stage
GACGGCTCAGGTGGAT_EBUS_28,,late_stage
GACGTGCCAGTATGCT_LUNG_T18,,early_stage
GACGTGCCATCGATTG_EBUS_06,,late_stage
GACGTTATCCCAACGG_LUNG_T28,,early_stage
GACGTTATCCGATATG_EBUS_28,,late_stage
GACGTTATCGTTACGA_LUNG_T20,,early_stage
GACTAACAGGAGTCTG_EBUS_28,,late_stage
GACTAACGTAAAGGAG_EBUS_28,,late_stage
GACTAACGTAGCCTCG_EBUS_28,,late_stage
GACTAACTCCTGTACC_EBUS_28,,late_stage
GACTACACATACGCTA_EBUS_28,,late_stage
GACTGCGGTGTTCTTT_EBUS_28,,late_stage
GAGCAGAGTCTTGATG_EBUS_06,,late_stage
GAGGTGAAGCAGATCG_EBUS_06,,late_stage
GAGGTGATCATGTGGT_LUNG_T28,,early_stage
GAGTCCGAGAAGATTC_EBUS_28,,late_stage
GAGTCCGGTAGGGTAC_EBUS_28,,late_stage
GATCAGTGTCCGAGTC_EBUS_28,,late_stage
GATCAGTTCTGTACGA_EBUS_28,,late_stage
GATCGATTCCTAGTGA_LUNG_T20,,early_stage
GATCGCGCAAACGCGA_EBUS_06,,late_stage
GATCGCGCACTCGACG_LUNG_T18,,early_stage
GATCGCGGTAAACACA_LUNG_T18,,early_stage
GATCGCGTCCTCATTA_BRONCHO_58,,late_stage
GATCGTAGTAGAGCTG_EBUS_49,,late_stage
GATCTAGAGTGCGATG_EBUS_28,,late_stage
GATCTAGAGTGGAGAA_LUNG_T18,,early_stage
GATCTAGAGTGTTAGA_EBUS_06,,late_stage
GATCTAGTCAGTTAGC_EBUS_28,,late_stage
GATGAAAGTGCAACGA_EBUS_28,,late_stage
GATGAAATCGCAAGCC_EBUS_28,,late_stage
GATGAGGAGGCCCTTG_EBUS_28,,late_stage
GATGCTAGTACTTAGC_EBUS_28,,late_stage
GATGCTATCCCTCTTT_EBUS_28,,late_stage
GATTCAGAGACAAAGG_EBUS_28,,late_stage
GATTCAGTCACTTCAT_EBUS_06,,late_stage
GCAAACTGTCGCGTGT_EBUS_06,,late_stage
GCAAACTTCTGGTGTA_EBUS_28,,late_stage
GCAAACTTCTTGTCAT_LUNG_T18,,early_stage
GCACATAGTCCAAGTT_EBUS_28,,late_stage
GCACATAGTGGTAACG_EBUS_28,,late_stage
GCACATATCGCTTAGA_EBUS_28,,late_stage
GCACTCTCACAACGTT_LUNG_T34,,early_stage
GCACTCTCAGGTCCAC_EBUS_28,,late_stage
GCACTCTGTGGCCCTA_EBUS_06,,late_stage
GCACTCTGTGGCGAAT_LUNG_T18,,early_stage
GCACTCTTCATGCAAC_EBUS_28,,late_stage
GCAGCCAAGGAATGGA_EBUS_28,,late_stage
GCAGCCACATGGTCTA_EBUS_28,,late_stage
GCAGCCATCCACGTGG_EBUS_28,,late_stage
GCAGCCATCGGGAGTA_EBUS_28,,late_stage
GCAGTTACAATCGGTT_LUNG_T20,,early_stage
GCATACACAGTCGTGC_EBUS_06,,late_stage
GCATACACATGGAATA_LUNG_T28,,early_stage
GCATACAGTCGACTAT_EBUS_49,,late_stage
GCATACAGTTGGGACA_LUNG_T28,,early_stage
GCATACATCTGGGCCA_EBUS_28,,late_stage
GCATGATAGGTGATAT_BRONCHO_58,,late_stage
GCATGATGTAGTGAAT_EBUS_28,,late_stage
GCATGATGTCCAAGTT_EBUS_28,,late_stage
GCATGATGTCCGCTGA_BRONCHO_58,,late_stage
GCATGATGTCTACCTC_EBUS_28,,late_stage
GCATGATTCTGTGCAA_LUNG_T28,,early_stage
GCATGCGAGTGTACTC_EBUS_28,,late_stage
GCATGCGCACGTTGGC_EBUS_28,,late_stage
GCATGCGGTTCCACGG_EBUS_28,,late_stage
GCATGCGTCGCTTAGA_EBUS_28,,late_stage
GCATGCGTCTCGTATT_EBUS_28,,late_stage
GCATGTAAGAAACCTA_EBUS_28,,late_stage
GCATGTAAGTGGCACA_EBUS_28,,late_stage
GCATGTACACGTCAGC_LUNG_T28,,early_stage
GCATGTACAGCTTAAC_EBUS_28,,late_stage
GCATGTAGTATAGTAG_EBUS_49,,late_stage
GCATGTAGTGTGCCTG_EBUS_06,,late_stage
GCCAAATCACTATCTT_EBUS_06,,late_stage
GCCAAATCAGACGCTC_LUNG_T20,,early_stage
GCCAAATTCCACGTTC_EBUS_06,,late_stage
GCCTCTAAGCAACGGT_EBUS_28,,late_stage
GCCTCTAGTCAATGTC_EBUS_28,,late_stage
GCGACCACACACCGAC_EBUS_06,,late_stage
GCGACCACACACCGAC_EBUS_28,,late_stage
GCGACCACAGGTCTCG_EBUS_28,,late_stage
GCGACCAGTGTCCTCT_EBUS_28,,late_stage
GCGAGAAAGATGCCAG_LUNG_T18,,early_stage
GCGAGAACATGAGCGA_EBUS_06,,late_stage
GCGAGAATCACGATGT_EBUS_28,,late_stage
GCGCAACGTCCTAGCG_EBUS_06,,late_stage
GCGCAGTGTAAATACG_LUNG_T18,,early_stage
GCGCCAAAGTCAAGCG_EBUS_28,,late_stage
GCGCCAAGTCAACTGT_EBUS_06,,late_stage
GCGGGTTAGCCCAATT_EBUS_28,,late_stage
GCGGGTTAGGACATTA_EBUS_28,,late_stage
GCGGGTTCAATAGAGT_EBUS_06,,late_stage
GCGGGTTCACCAGTTA_EBUS_28,,late_stage
GCGGGTTGTCTCCCTA_EBUS_28,,late_stage
GCGGGTTGTGGGTATG_LUNG_T28,,early_stage
GCGGGTTTCAGGTTCA_EBUS_06,,late_stage
GCTCCTAAGACCTTTG_EBUS_28,,late_stage
GCTCCTAAGCCCGAAA_EBUS_28,,late_stage
GCTCCTATCGCGTTTC_EBUS_06,,late_stage
GCTGCAGAGGAGCGTT_LUNG_T28,,early_stage
GCTGCAGCACGAGGTA_EBUS_06,,late_stage
GCTGCAGGTGTGCGTC_BRONCHO_58,,late_stage
GCTGCGAAGAAACCGC_BRONCHO_58,,late_stage
GCTGCGACACGGTAAG_EBUS_28,,late_stage
GCTGCGACAGTATGCT_EBUS_28,,late_stage
GCTGCGACATCCTTGC_EBUS_28,,late_stage
GCTGCGAGTGATAAGT_EBUS_28,,late_stage
GCTGCGAGTGCACTTA_EBUS_28,,late_stage
GCTGCGAGTTTGCATG_EBUS_28,,late_stage
GCTGCTTAGTTAGCGG_EBUS_06,,late_stage
GCTGCTTCAAGTTCTG_LUNG_T28,,early_stage
GCTGCTTCACGACTCG_EBUS_49,,late_stage
GCTGCTTGTCCTCCAT_EBUS_28,,late_stage
GCTGGGTTCACAACGT_LUNG_T18,,early_stage
GCTGGGTTCACGCGGT_LUNG_T18,,early_stage
GCTGGGTTCAGCTCTC_LUNG_T31,,early_stage
GCTTCCAAGGTGTGGT_EBUS_28,,late_stage
GCTTCCACAAGTTAAG_LUNG_T18,,early_stage
GCTTCCAGTTAGAACA_EBUS_06,,late_stage
GCTTCCAGTTGGTGGA_EBUS_28,,late_stage
GCTTCCAGTTTAGGAA_EBUS_28,,late_stage
GCTTGAAAGTGTCCCG_LUNG_T18,,early_stage
GCTTGAACATGCCCGA_LUNG_T28,,early_stage
GGAAAGCAGTGCGATG_BRONCHO_58,,late_stage
GGAAAGCCAAGAAAGG_EBUS_28,,late_stage
GGAAAGCGTAGTACCT_EBUS_06,,late_stage
GGAAAGCTCACAAACC_EBUS_06,,late_stage
GGAACTTAGCGTCTAT_EBUS_28,,late_stage
GGAACTTCATGGTCAT_EBUS_49,,late_stage
GGAATAAGTGGAAAGA_EBUS_28,,late_stage
GGACAAGAGACACTAA_BRONCHO_58,,late_stage
GGACAAGAGTGGGATC_LUNG_T34,,early_stage
GGACAAGCAACACGCC_EBUS_28,,late_stage
GGACAAGGTTCCACAA_LUNG_T20,,early_stage
GGACAAGTCCAGGGCT_LUNG_T20,,early_stage
GGACAAGTCTGTTGAG_EBUS_28,,late_stage
GGACAGATCATCGGAT_EBUS_28,,late_stage
GGACATTAGGTGATAT_LUNG_T20,,early_stage
GGACGTCCACGACTCG_EBUS_06,,late_stage
GGACGTCTCGCAAACT_EBUS_28,,late_stage
GGAGCAAGTGACGCCT_LUNG_T18,,early_stage
GGATGTTAGACTGTAA_EBUS_28,,late_stage
GGATGTTCAGCTTCGG_EBUS_28,,late_stage
GGATGTTGTAAACACA_LUNG_T18,,early_stage
GGCAATTAGGTCGGAT_LUNG_T28,,early_stage
GGCAATTCAACTGGCC_EBUS_28,,late_stage
GGCCGATTCAACCATG_EBUS_28,,late_stage
GGCGACTGTGCCTGTG_LUNG_T18,,early_stage
GGCGACTGTGTTCTTT_EBUS_28,,late_stage
GGCGACTTCACTTACT_BRONCHO_58,,late_stage
GGCTCGAAGTGCCAGA_EBUS_28,,late_stage
GGCTCGACACCGAAAG_LUNG_T20,,early_stage
GGCTCGACATCACGAT_EBUS_28,,late_stage
GGCTGGTAGGAACTGC_EBUS_28,,late_stage
GGCTGGTAGGGCTCTC_EBUS_28,,late_stage
GGCTGGTTCAACTCTT_EBUS_06,,late_stage
GGGAATGAGCAGACTG_EBUS_28,,late_stage
GGGAATGCACCAGTTA_EBUS_28,,late_stage
GGGAATGCAGGTGCCT_LUNG_T18,,early_stage
GGGAATGGTTGGACCC_EBUS_28,,late_stage
GGGAATGTCGGAGCAA_EBUS_06,,late_stage
GGGACCTAGCGTTTAC_EBUS_06,,late_stage
GGGAGATAGAAGCCCA_EBUS_28,,late_stage
GGGAGATAGTCATGCT_EBUS_06,,late_stage
GGGATGAGTAATCGTC_LUNG_T28,,early_stage
GGGATGAGTCTTCGTC_LUNG_T30,,early_stage
GGGATGATCATGTCTT_EBUS_28,,late_stage
GGGCACTGTCGGCTCA_EBUS_28,,late_stage
GGGCACTTCACTTATC_EBUS_28,,late_stage
GGGCATCAGACCTAGG_LUNG_T28,,early_stage
GGGCATCAGGCTAGAC_EBUS_28,,late_stage
GGGCATCGTGGTACAG_EBUS_28,,late_stage
GGGTTGCAGGCAGTCA_BRONCHO_58,,late_stage
GGGTTGCAGTTGTAGA_EBUS_28,,late_stage
GGGTTGCGTACCAGTT_BRONCHO_58,,late_stage
GGGTTGCTCGGATGTT_EBUS_06,,late_stage
GGTGAAGAGAACAATC_EBUS_28,,late_stage
GGTGCGTCAATCTACG_EBUS_06,,late_stage
GGTGCGTTCACCAGGC_EBUS_28,,late_stage
GGTGCGTTCATTGCCC_EBUS_28,,late_stage
GGTGTTACACTCTGTC_EBUS_06,,late_stage
GGTGTTAGTAAATACG_EBUS_28,,late_stage
GTAACTGTCCATGCTC_EBUS_28,,late_stage
GTACGTAGTGTCGCTG_EBUS_28,,late_stage
GTACTCCAGCCCAACC_EBUS_28,,late_stage
GTACTCCGTCTTCGTC_LUNG_T28,,early_stage
GTACTCCGTGCCTTGG_EBUS_06,,late_stage
GTACTTTAGATGTGTA_EBUS_28,,late_stage
GTACTTTCATCCCACT_EBUS_28,,late_stage
GTACTTTGTAGCCTAT_EBUS_28,,late_stage
GTACTTTGTCATCCCT_EBUS_28,,late_stage
GTAGGCCCAGCCTTTC_EBUS_06,,late_stage
GTAGGCCGTATCTGCA_BRONCHO_58,,late_stage
GTAGGCCGTCGTTGTA_EBUS_28,,late_stage
GTAGGCCGTGACTCAT_EBUS_49,,late_stage
GTAGTCAAGGGATGGG_EBUS_28,,late_stage
GTAGTCACATCCTAGA_LUNG_T18,,early_stage
GTAGTCAGTGTCAATC_LUNG_T20,,early_stage
GTAGTCATCGATAGAA_EBUS_28,,late_stage
GTAGTCATCTGCGACG_EBUS_28,,late_stage
GTATCTTAGAAGGTTT_EBUS_28,,late_stage
GTATCTTAGCTCTCGG_EBUS_28,,late_stage
GTATCTTAGGTGTGGT_LUNG_T20,,early_stage
GTATCTTCACATGGGA_EBUS_28,,late_stage
GTATCTTTCTTGTATC_LUNG_T28,,early_stage
GTATTCTAGTGCCAGA_LUNG_T18,,early_stage
GTATTCTCATTTGCCC_EBUS_28,,late_stage
GTATTCTGTATAATGG_LUNG_T18,,early_stage
GTCAAGTAGAGCCTAG_LUNG_T28,,early_stage
GTCAAGTGTCATATCG_EBUS_28,,late_stage
GTCAAGTGTTAAGGGC_EBUS_28,,late_stage
GTCACAAAGCACAGGT_LUNG_T18,,early_stage
GTCACAACACGCATCG_EBUS_28,,late_stage
GTCACAAGTAGTACCT_EBUS_28,,late_stage
GTCACGGAGACACTAA_LUNG_T20,,early_stage
GTCACGGAGCGATGAC_EBUS_28,,late_stage
GTCACGGGTACAGTTC_EBUS_28,,late_stage
GTCACGGTCTCAAGTG_LUNG_T28,,early_stage
GTCATTTAGACCTAGG_LUNG_T28,,early_stage
GTCATTTAGGACATTA_EBUS_06,,late_stage
GTCATTTCATTAGCCA_LUNG_T18,,early_stage
GTCCTCAGTCTCCATC_LUNG_T18,,early_stage
GTCCTCAGTGACGCCT_EBUS_28,,late_stage
GTCGGGTCATGTCGAT_EBUS_06,,late_stage
GTCGGGTTCAACACAC_EBUS_28,,late_stage
GTCGTAACAGCCTGTG_LUNG_T31,,early_stage
GTCGTAACATGACGGA_LUNG_T20,,early_stage
GTCGTAAGTGGTCTCG_EBUS_06,,late_stage
GTCTCGTAGGTCATCT_EBUS_28,,late_stage
GTCTCGTAGTTGTCGT_EBUS_06,,late_stage
GTCTCGTCAACGATGG_EBUS_49,,late_stage
GTCTCGTCACATTAGC_EBUS_28,,late_stage
GTCTCGTGTACTTGAC_EBUS_28,,late_stage
GTCTCGTTCCATGCTC_LUNG_T20,,early_stage
GTCTTCGTCAGGATCT_EBUS_06,,late_stage
GTGAAGGTCGGATGTT_EBUS_06,,late_stage
GTGAAGGTCTCTAAGG_LUNG_T20,,early_stage
GTGCATAAGTGCCATT_LUNG_T18,,early_stage
GTGCATAGTATAGGGC_LUNG_T18,,early_stage
GTGCATAGTCATATGC_EBUS_28,,late_stage
GTGCGGTAGCACACAG_BRONCHO_58,,late_stage
GTGCGGTTCATAAAGG_EBUS_28,,late_stage
GTGCTTCGTCAAGCGA_LUNG_T18,,early_stage
GTGGGTCAGACGCACA_EBUS_28,,late_stage
GTGGGTCTCGATAGAA_EBUS_28,,late_stage
GTGTGCGCAACTGGCC_BRONCHO_58,,late_stage
GTGTGCGCATAGTAAG_EBUS_28,,late_stage
GTGTGCGGTGTTTGTG_EBUS_06,,late_stage
GTGTTAGAGACAGGCT_EBUS_28,,late_stage
GTGTTAGCATCCTAGA_EBUS_28,,late_stage
GTGTTAGGTGCACCAC_EBUS_06,,late_stage
GTGTTAGTCCAGATCA_EBUS_28,,late_stage
GTTAAGCGTTAAGTAG_EBUS_28,,late_stage
GTTACAGAGAATGTGT_EBUS_06,,late_stage
GTTACAGAGATCTGCT_EBUS_28,,late_stage
GTTACAGAGTAAGTAC_EBUS_06,,late_stage
GTTACAGTCACGCGGT_EBUS_28,,late_stage
GTTACAGTCATAACCG_EBUS_28,,late_stage
GTTCATTAGAAGGACA_EBUS_28,,late_stage
GTTCGGGCAAGGACAC_EBUS_28,,late_stage
GTTCGGGTCAACGGGA_EBUS_28,,late_stage
GTTCGGGTCCAAACTG_LUNG_T28,,early_stage
GTTCTCGAGGTAGCTG_LUNG_T34,,early_stage
GTTCTCGCATTTGCTT_EBUS_28,,late_stage
GTTCTCGGTAACGTTC_LUNG_T18,,early_stage
GTTCTCGGTCTAAACC_LUNG_T20,,early_stage
TAAGAGAGTAAAGTCA_EBUS_06,,late_stage
TAAGAGAGTACTCAAC_LUNG_T28,,early_stage
TAAGCGTGTACTTCTT_EBUS_28,,late_stage
TAAGCGTGTCCATGAT_EBUS_28,,late_stage
TAAGCGTTCGCTTAGA_EBUS_28,,late_stage
TAAGTGCAGTGACTCT_EBUS_49,,late_stage
TAAGTGCCATCACGTA_EBUS_28,,late_stage
TAAGTGCGTGCCTTGG_LUNG_T20,,early_stage
TACACGACATGGTTGT_EBUS_28,,late_stage
TACACGAGTTACGGAG_EBUS_28,,late_stage
TACAGTGAGACTGTAA_EBUS_06,,late_stage
TACAGTGCAAGAGTCG_EBUS_28,,late_stage
TACCTATAGTGGGATC_EBUS_28,,late_stage
TACCTATCACATCCGG_EBUS_28,,late_stage
TACCTATGTCCTCCAT_EBUS_28,,late_stage
TACCTTACATTACGAC_EBUS_28,,late_stage
TACGGATAGATGCCAG_EBUS_06,,late_stage
TACGGATGTCCGTCAG_BRONCHO_58,,late_stage
TACGGATGTCTAGTCA_EBUS_28,,late_stage
TACGGATTCAGTACGT_BRONCHO_58,,late_stage
TACGGATTCGGTGTCG_EBUS_28,,late_stage
TACGGATTCTCTTATG_EBUS_28,,late_stage
TACGGGCGTAGCACGA_EBUS_06,,late_stage
TACGGGCGTATAGGTA_EBUS_06,,late_stage
TACGGGCGTCCATGAT_EBUS_28,,late_stage
TACGGGCTCCTGTACC_EBUS_28,,late_stage
TACGGTACAAGTAATG_LUNG_T18,,early_stage
TACGGTATCTACCTGC_LUNG_T28,,early_stage
TACTCATAGGGTTTCT_EBUS_28,,late_stage
TACTCATAGGTGCTAG_EBUS_06,,late_stage
TACTCATGTCTCTTAT_EBUS_06,,late_stage
TACTCATTCTTACCGC_LUNG_T20,,early_stage
TACTCGCAGGCTCAGA_EBUS_28,,late_stage
TACTTACTCTGGCGTG_EBUS_28,,late_stage
TACTTGTAGAGTACAT_EBUS_06,,late_stage
TACTTGTAGGACAGAA_EBUS_28,,late_stage
TACTTGTCAGATGAGC_EBUS_28,,late_stage
TACTTGTTCTATCCTA_EBUS_28,,late_stage
TAGACCAAGGTCATCT_EBUS_28,,late_stage
TAGACCACAGACGCAA_EBUS_28,,late_stage
TAGACCAGTCCAACTA_EBUS_06,,late_stage
TAGAGCTAGACTAAGT_LUNG_T18,,early_stage
TAGAGCTCACATTCGA_EBUS_28,,late_stage
TAGAGCTCATAACCTG_EBUS_28,,late_stage
TAGAGCTGTATAGTAG_LUNG_T28,,early_stage
TAGAGCTTCGTGGGAA_EBUS_28,,late_stage
TAGCCGGCAAATTGCC_LUNG_T20,,early_stage
TAGCCGGGTAAGTGTA_EBUS_28,,late_stage
TAGCCGGTCCTGCAGG_EBUS_28,,late_stage
TAGGCATAGACGACGT_EBUS_28,,late_stage
TAGGCATAGATGGCGT_EBUS_06,,late_stage
TAGGCATCAAAGCGGT_EBUS_28,,late_stage
TAGGCATCAAGCCCAC_EBUS_49,,late_stage
TAGGCATGTCTAACGT_EBUS_28,,late_stage
TAGGCATTCCCTAATT_LUNG_T28,,early_stage
TAGTGGTAGGATGTAT_EBUS_28,,late_stage
TAGTGGTCACGAGAGT_BRONCHO_58,,late_stage
TAGTGGTCATCGATGT_EBUS_28,,late_stage
TAGTGGTTCGTATCAG_LUNG_T28,,early_stage
TAGTTGGAGAACAACT_LUNG_T34,,early_stage
TAGTTGGGTACGAAAT_EBUS_06,,late_stage
TAGTTGGGTACGCACC_EBUS_28,,late_stage
TAGTTGGGTAGTAGTA_EBUS_28,,late_stage
TAGTTGGTCTCCGGTT_EBUS_28,,late_stage
TATCAGGAGGTCATCT_EBUS_28,,late_stage
TATCAGGTCATCGCTC_EBUS_28,,late_stage
TATCTCAAGAAGGTTT_EBUS_28,,late_stage
TATCTCACACGTGAGA_EBUS_28,,late_stage
TATCTCAGTGGTCTCG_EBUS_28,,late_stage
TATGCCCAGTTCGCGC_LUNG_T20,,early_stage
TATGCCCCACGGTGTC_EBUS_28,,late_stage
TATTACCTCAACGGGA_LUNG_T18,,early_stage
TATTACCTCTTACCTA_EBUS_28,,late_stage
TCAACGACAACAACCT_LUNG_T18,,early_stage
TCAACGACACACATGT_EBUS_06,,late_stage
TCAACGATCACAAACC_EBUS_28,,late_stage
TCAATCTTCACCGGGT_LUNG_T34,,early_stage
TCACAAGGTGTGAAAT_LUNG_T28,,early_stage
TCACGAATCTGGCGAC_LUNG_T18,,early_stage
TCAGATGAGATTACCC_LUNG_T34,,early_stage
TCAGATGCAGACTCGC_LUNG_T28,,early_stage
TCAGATGGTCGCTTCT_EBUS_06,,late_stage
TCAGATGGTGACTCAT_EBUS_28,,late_stage
TCAGATGTCGCTTAGA_EBUS_06,,late_stage
TCAGATGTCTAAGCCA_LUNG_T28,,early_stage
TCAGCAAAGGACGAAA_EBUS_28,,late_stage
TCAGCAAAGGTTACCT_EBUS_28,,late_stage
TCAGCAACATCCGGGT_EBUS_28,,late_stage
TCAGCAACATCTCCCA_EBUS_06,,late_stage
TCAGCAACATTGTGCA_EBUS_28,,late_stage
TCAGCAAGTAGCTAAA_EBUS_28,,late_stage
TCAGCAATCGCAAACT_EBUS_28,,late_stage
TCAGCTCAGCGTCAAG_EBUS_28,,late_stage
TCAGCTCCAGACGCAA_EBUS_28,,late_stage
TCAGCTCGTCTTCTCG_EBUS_28,,late_stage
TCAGGATAGATCCTGT_EBUS_28,,late_stage
TCAGGATAGGGCTTGA_EBUS_28,,late_stage
TCAGGATCATCGGACC_EBUS_28,,late_stage
TCAGGTATCGGCATCG_LUNG_T34,,early_stage
TCATTTGGTCCTCTTG_EBUS_06,,late_stage
TCCACACTCTTGAGGT_EBUS_28,,late_stage
TCCCGATGTTAGAACA_EBUS_28,,late_stage
TCCCGATTCCGCAAGC_EBUS_28,,late_stage
TCGAGGCCATGTAGTC_EBUS_28,,late_stage
TCGAGGCTCCCATTAT_EBUS_28,,late_stage
TCGAGGCTCGGCGCTA_BRONCHO_58,,late_stage
TCGAGGCTCTACTATC_EBUS_28,,late_stage
TCGCGAGCAGACAGGT_LUNG_T28,,early_stage
TCGCGAGTCTCATTCA_EBUS_28,,late_stage
TCGCGTTCACGGCGTT_EBUS_28,,late_stage
TCGCGTTCATTATCTC_EBUS_28,,late_stage
TCGCGTTTCATAAAGG_EBUS_06,,late_stage
TCGCGTTTCTGGTTCC_EBUS_28,,late_stage
TCGGGACAGCACCGCT_EBUS_28,,late_stage
TCGGGACTCGAGAACG_EBUS_28,,late_stage
TCGTACCTCAGTTAGC_EBUS_28,,late_stage
TCGTACCTCCAAGTAC_EBUS_28,,late_stage
TCGTAGACACCCATGG_EBUS_28,,late_stage
TCGTAGAGTCTGGAGA_LUNG_T20,,early_stage
TCGTAGAGTTATCACG_EBUS_28,,late_stage
TCGTAGATCATGTCTT_EBUS_28,,late_stage
TCTATTGCACGAAATA_EBUS_28,,late_stage
TCTATTGGTGACGGTA_EBUS_49,,late_stage
TCTATTGTCTCGAGTA_EBUS_28,,late_stage
TCTCATAAGCCGTCGT_EBUS_28,,late_stage
TCTCATACACCAGGCT_EBUS_28,,late_stage
TCTCATACATCGGGTC_LUNG_T19,,early_stage
TCTCATAGTGAGTATA_EBUS_06,,late_stage
TCTCTAACAAGGTTTC_EBUS_06,,late_stage
TCTGAGAAGATCTGCT_EBUS_28,,late_stage
TCTGAGAGTGTGACGA_EBUS_28,,late_stage
TCTGGAAAGTGTTTGC_EBUS_28,,late_stage
TCTGGAACAGAGTGTG_LUNG_T34,,early_stage
TCTGGAAGTCATGCCG_LUNG_T18,,early_stage
TCTGGAATCTCACATT_EBUS_06,,late_stage
TCTTCGGGTGTCGCTG_EBUS_28,,late_stage
TCTTCGGGTTTGACTG_EBUS_28,,late_stage
TCTTTCCCACCGTTGG_EBUS_06,,late_stage
TCTTTCCCAGACGCTC_EBUS_06,,late_stage
TGAAAGAAGGATTCGG_EBUS_28,,late_stage
TGAAAGAGTAAACCTC_EBUS_28,,late_stage
TGAAAGAGTCAGAATA_EBUS_28,,late_stage
TGACAACAGGGTGTGT_LUNG_T18,,early_stage
TGACAACCACAGAGGT_EBUS_28,,late_stage
TGACAACCAGTTTACG_EBUS_28,,late_stage
TGACAACTCCGCATAA_LUNG_T28,,early_stage
TGACGGCAGCTAAACA_LUNG_T28,,early_stage
TGACGGCCAACGATGG_EBUS_28,,late_stage
TGACGGCCATGGATGG_LUNG_T18,,early_stage
TGACGGCGTAAAGTCA_EBUS_06,,late_stage
TGACGGCGTGCAACGA_EBUS_28,,late_stage
TGACGGCTCTCCAGGG_LUNG_T20,,early_stage
TGACTAGTCGTGGACC_EBUS_06,,late_stage
TGACTTTCAAGGTTCT_EBUS_28,,late_stage
TGACTTTCACCAGGCT_EBUS_28,,late_stage
TGACTTTTCTCCTATA_EBUS_28,,late_stage
TGAGAGGAGAGAACAG_LUNG_T34,,early_stage
TGAGAGGAGCATCATC_EBUS_28,,late_stage
TGAGAGGAGGAGCGTT_LUNG_T18,,early_stage
TGAGAGGGTCTAAAGA_EBUS_28,,late_stage
TGAGCATGTGGCTCCA_EBUS_06,,late_stage
TGAGCCGCATGGTAGG_EBUS_28,,late_stage
TGAGGGAAGGTGGGTT_BRONCHO_58,,late_stage
TGAGGGATCACAGGCC_EBUS_49,,late_stage
TGAGGGATCCCAAGTA_LUNG_T34,,early_stage
TGATTTCCAATCCGAT_EBUS_28,,late_stage
TGATTTCGTGTTAAGA_EBUS_06,,late_stage
TGATTTCTCCAAGCCG_EBUS_28,,late_stage
TGCACCTGTACAGCAG_LUNG_T18,,early_stage
TGCACCTGTCAAAGCG_LUNG_T34,,early_stage
TGCACCTTCCAACCAA_EBUS_28,,late_stage
TGCACCTTCGTGGGAA_LUNG_T34,,early_stage
TGCCAAAAGCACACAG_EBUS_28,,late_stage
TGCCAAACAAGCGCTC_EBUS_28,,late_stage
TGCCAAAGTTCGTGAT_LUNG_T18,,early_stage
TGCCCTAGTCCGAATT_LUNG_T34,,early_stage
TGCGGGTAGGATTCGG_EBUS_06,,late_stage
TGCGTGGAGCAATATG_EBUS_06,,late_stage
TGCTACCGTTCTGGTA_EBUS_28,,late_stage
TGCTGCTCACGTAAGG_EBUS_28,,late_stage
TGGACGCAGTGCCATT_EBUS_06,,late_stage
TGGACGCCATACCATG_EBUS_28,,late_stage
TGGACGCTCAGCATGT_EBUS_06,,late_stage
TGGCGCACACCAGCAC_EBUS_28,,late_stage
TGGCTGGAGTCTCCTC_EBUS_28,,late_stage
TGGCTGGTCTTTAGTC_EBUS_28,,late_stage
TGGGAAGAGAGCTGCA_LUNG_T18,,early_stage
TGGGAAGCACAAGTAA_LUNG_T34,,early_stage
TGGGAAGCAGGAATCG_LUNG_T20,,early_stage
TGGGAAGCAGTCTTCC_EBUS_28,,late_stage
TGGGAAGTCCATGAGT_EBUS_06,,late_stage
TGGGCGTCAGCCTGTG_LUNG_T18,,early_stage
TGGGCGTGTTATCCGA_LUNG_T18,,early_stage
TGGTTAGGTTGAACTC_EBUS_06,,late_stage
TGGTTAGTCCGTAGTA_LUNG_T20,,early_stage
TGGTTCCTCACTTACT_EBUS_28,,late_stage
TGGTTCCTCATCACCC_EBUS_28,,late_stage
TGTATTCGTTTGTGTG_EBUS_28,,late_stage
TGTGGTAGTCGGATCC_LUNG_T18,,early_stage
TGTGGTATCTGATACG_EBUS_28,,late_stage
TGTGTTTAGTGTCCAT_LUNG_T20,,early_stage
TGTGTTTGTCCAGTTA_LUNG_T28,,early_stage
TGTGTTTTCTCGCATC_LUNG_T20,,early_stage
TGTGTTTTCTCGGACG_EBUS_06,,late_stage
TGTTCCGCACGCATCG_LUNG_T28,,early_stage
TGTTCCGCATTTGCCC_BRONCHO_58,,late_stage
TTAACTCGTTACGCGC_LUNG_T34,,early_stage
TTAGGACAGAAGCCCA_EBUS_06,,late_stage
TTAGGACGTCTGCGGT_EBUS_06,,late_stage
TTAGGCAAGCCAGAAC_EBUS_28,,late_stage
TTAGGCAAGCTGAAAT_EBUS_28,,late_stage
TTAGGCACATAACCTG_EBUS_28,,late_stage
TTAGTTCAGAACTGTA_EBUS_28,,late_stage
TTAGTTCAGGACTGGT_BRONCHO_58,,late_stage
TTAGTTCAGTTATCGC_EBUS_28,,late_stage
TTAGTTCCATGCCACG_EBUS_28,,late_stage
TTAGTTCGTACTTGAC_EBUS_28,,late_stage
TTATGCTAGGCTATCT_EBUS_28,,late_stage
TTATGCTGTCAGAATA_EBUS_06,,late_stage
TTCCCAGGTGTTGAGG_EBUS_28,,late_stage
TTCGAAGCAACGATGG_EBUS_28,,late_stage
TTCGAAGCAGCGTTCG_EBUS_28,,late_stage
TTCGAAGGTTCTGGTA_EBUS_28,,late_stage
TTCTACAGTGGTGTAG_EBUS_28,,late_stage
TTCTACATCTACCAGA_EBUS_28,,late_stage
TTCTACATCTTGAGGT_LUNG_T34,,early_stage
TTCTCAACACCATGTA_EBUS_28,,late_stage
TTCTCCTGTGTCAATC_LUNG_T34,,early_stage
TTCTTAGAGGACATTA_LUNG_T34,,early_stage
TTCTTAGAGGATTCGG_EBUS_28,,late_stage
TTCTTAGGTTCGCGAC_LUNG_T18,,early_stage
TTCTTAGTCGAGCCCA_LUNG_T18,,early_stage
TTCTTAGTCTTGTACT_EBUS_06,,late_stage
TTGAACGCAGCTCGAC_EBUS_28,,late_stage
TTGACTTAGTGGCACA_EBUS_28,,late_stage
TTGACTTCATGTTGAC_EBUS_28,,late_stage
TTGACTTGTACCGAGA_LUNG_T28,,early_stage
TTGCCGTGTTTCGCTC_EBUS_06,,late_stage
TTGCCGTTCATAAAGG_EBUS_28,,late_stage
TTGCGTCAGTTGAGTA_EBUS_28,,late_stage
TTGCGTCTCATGTCTT_EBUS_28,,late_stage
TTGGAACAGACACGAC_LUNG_T18,,early_stage
TTGGCAATCATCTGTT_LUNG_T34,,early_stage
TTGTAGGCAGCCAATT_EBUS_28,,late_stage
TTGTAGGGTGACGGTA_EBUS_28,,late_stage
TTGTAGGGTTCTCATT_EBUS_28,,late_stage
TTTACTGAGTGTCCAT_EBUS_28,,late_stage
TTTACTGTCTAACTCT_EBUS_06,,late_stage
TTTATGCCAATCCGAT_EBUS_28,,late_stage
TTTATGCTCACTATTC_EBUS_28,,late_stage
TTTCCTCCAAGTAGTA_EBUS_28,,late_stage
TTTCCTCCATTAGCCA_LUNG_T34,,early_stage
TTTGCGCTCACAATGC_LUNG_T34,,early_stage
TTTGGTTCATTGGGCC_LUNG_T28,,early_stage
TTTGGTTGTCTTCAAG_EBUS_28,,late_stage
TTTGGTTTCCCAAGAT_EBUS_28,,late_stage
TTTGGTTTCGCTAGCG_EBUS_28,,late_stage
TTTGTCATCTGGGCCA_EBUS_06,,late_stage
B12_B002077,,early_stage
B13_B000422,,early_stage
D13_B002077,,early_stage
G15_B000422,,early_stage
H13_B002078,,early_stage
H16_B002078,,early_stage
M18_B000422,,early_stage
N19_B002079,,early_stage
P18_B002079,,early_stage
BT1295_ACACTGAGTAGCCTAT,,early_stage
BT1295_ACGGCCATCTCGATGA,,early_stage
BT1295_ACGGGCTTCAAACCAC,,early_stage
BT1295_AGAGTGGGTTCCATGA,,early_stage
BT1295_AGATCTGCATGGTAGG,,early_stage
BT1295_AGATCTGGTCAGAAGC,,early_stage
BT1295_AGGTCCGGTAATAGCA,,early_stage
BT1295_AGTTGGTGTTTCGCTC,,early_stage
BT1295_CACATTTAGACTCGGA,,early_stage
BT1295_CAGCTGGTCAATCTCT,,early_stage
BT1295_CAGTCCTTCGTAGGAG,,early_stage
BT1295_CATCAGACATCGGGTC,,early_stage
BT1295_CATCGGGAGAGGGCTT,,early_stage
BT1295_CATTATCTCCACGACG,,early_stage
BT1295_CCGTGGACATAGGATA,,early_stage
BT1295_CGAGAAGAGTGGGATC,,early_stage
BT1295_CGAGAAGTCGTTGACA,,early_stage
BT1295_CGCGGTAGTTAAAGAC,,early_stage
BT1295_CGCTTCAGTTACCAGT,,early_stage
BT1295_CGGACTGGTAGAGCTG,,early_stage
BT1295_CGGACTGTCTTACCGC,,early_stage
BT1295_CGTTAGACAAGCGAGT,,early_stage
BT1295_CTACATTCAATCCAAC,,early_stage
BT1295_CTACGTCTCGGTGTTA,,early_stage
BT1295_CTAGAGTAGGTAGCTG,,early_stage
BT1295_CTCAGAAGTACAGACG,,early_stage
BT1295_CTCGAAACATGCATGT,,early_stage
BT1295_CTGAAACCAATCACAC,,early_stage
BT1295_CTGATAGCACACAGAG,,early_stage
BT1295_CTGCGGAGTGCGCTTG,,early_stage
BT1295_GAAATGACATGCCTAA,,early_stage
BT1295_GAAGCAGTCAGGCGAA,,early_stage
BT1295_GATCGATTCCTTCAAT,,early_stage
BT1295_GCAATCAAGTGCGATG,,early_stage
BT1295_GCGACCATCACTTCAT,,early_stage
BT1295_GGCGTGTTCCGTTGCT,,early_stage
BT1295_GGGACCTTCATTGCGA,,early_stage
BT1295_GGTGTTAGTTTGTTTC,,early_stage
BT1295_GTCACGGGTTTGTGTG,,early_stage
BT1295_GTCATTTCAATGGACG,,early_stage
BT1295_GTCTCGTGTATATGAG,,early_stage
BT1295_TAAGAGATCGAACTGT,,early_stage
BT1295_TACAGTGTCTCGTTTA,,early_stage
BT1295_TACTTACGTCCGTGAC,,early_stage
BT1295_TACTTGTGTCCGCTGA,,early_stage
BT1295_TAGGCATAGTGCCAGA,,early_stage
BT1295_TATCTCATCTGACCTC,,early_stage
BT1295_TCAGCTCGTGCGGTAA,,early_stage
BT1295_TCGGTAAGTGCAACGA,,early_stage
BT1295_TCGTACCTCATAACCG,,early_stage
BT1295_TCTTCGGTCCGCGTTT,,early_stage
BT1295_TCTTTCCAGGCTATCT,,early_stage
BT1295_TGGACGCTCTTCATGT,,early_stage
BT1295_TGGCGCAAGCCAGGAT,,early_stage
BT1295_TTAACTCGTGCTGTAT,,early_stage
BT1295_TTAGTTCCATATACCG,,early_stage
BT1295_TTCTTAGTCGAATGGG,,early_stage
BT1295_TTTCCTCGTTCGCGAC,,early_stage
BT1296_AAACGGGTCACATACG,,early_stage
BT1296_AAAGATGAGACTGGGT,,early_stage
BT1296_AACACGTGTCCGTGAC,,early_stage
BT1296_AAGCCGCTCCACGTTC,,early_stage
BT1296_AAGGTTCCACAGAGGT,,early_stage
BT1296_AATCGGTTCGGGAGTA,,early_stage
BT1296_ACACTGACACCCATTC,,early_stage
BT1296_ACACTGATCAGTTAGC,,early_stage
BT1296_ACAGCTAAGTGTTGAA,,early_stage
BT1296_ACAGCTATCCTCCTAG,,early_stage
BT1296_ACATACGGTCTAGTGT,,early_stage
BT1296_ACCCACTCATGGGACA,,early_stage
BT1296_ACCCACTGTAATTGGA,,early_stage
BT1296_ACCTTTACACAACGCC,,early_stage
BT1296_ACGGCCACATTCGACA,,early_stage
BT1296_ACGGGCTTCACGACTA,,early_stage
BT1296_ACTGATGGTCACTGGC,,early_stage
BT1296_ACTGTCCAGACCTAGG,,early_stage
BT1296_AGCATACCATTCTCAT,,early_stage
BT1296_AGCGGTCTCTTGAGAC,,early_stage
BT1296_AGCGTCGCACAAGCCC,,early_stage
BT1296_AGGCCGTCAGTGAGTG,,early_stage
BT1296_AGGTCATTCCATGAAC,,early_stage
BT1296_AGGTCATTCTTGCCGT,,early_stage
BT1296_AGTCTTTGTTGCCTCT,,early_stage
BT1296_AGTCTTTTCTCGATGA,,early_stage
BT1296_AGTGGGAAGTAGGTGC,,early_stage
BT1296_AGTGTCAAGTAGCGGT,,early_stage
BT1296_AGTTGGTGTATAGGTA,,early_stage
BT1296_ATAACGCAGTCTCGGC,,early_stage
BT1296_ATAAGAGGTTCACCTC,,early_stage
BT1296_ATCACGAGTAGCAAAT,,early_stage
BT1296_ATCATCTCAGCCTTTC,,early_stage
BT1296_ATCATCTTCTCAACTT,,early_stage
BT1296_ATCATGGAGTGCTGCC,,early_stage
BT1296_ATGCGATTCTATGTGG,,early_stage
BT1296_CAAGGCCCATTCTTAC,,early_stage
BT1296_CACACAAAGCCTATGT,,early_stage
BT1296_CACAGGCGTCTGCAAT,,early_stage
BT1296_CACAGTACATAACCTG,,early_stage
BT1296_CACCACTCATGAGCGA,,early_stage
BT1296_CAGATCATCTGTACGA,,early_stage
BT1296_CAGCTAAGTCGGATCC,,early_stage
BT1296_CAGCTGGGTGCGGTAA,,early_stage
BT1296_CATCGGGAGTGTACCT,,early_stage
BT1296_CCACCTAGTCTGCGGT,,early_stage
BT1296_CCACTACTCGTTACAG,,early_stage
BT1296_CCAGCGAGTATAGTAG,,early_stage
BT1296_CCCAATCCAGCATACT,,early_stage
BT1296_CCCATACCACGAAGCA,,early_stage
BT1296_CCGTGGAGTTCCACAA,,early_stage
BT1296_CCTTTCTAGCACCGCT,,early_stage
BT1296_CGAACATGTATAATGG,,early_stage
BT1296_CGAGAAGAGGAGTAGA,,early_stage
BT1296_CGCCAAGGTCTCCCTA,,early_stage
BT1296_CGCTTCAGTCTCACCT,,early_stage
BT1296_CGGCTAGTCCAGGGCT,,early_stage
BT1296_CGGGTCACAGCGAACA,,early_stage
BT1296_CGTAGGCCATCGGAAG,,early_stage
BT1296_CGTCTACGTCATGCAT,,early_stage
BT1296_CTAGCCTAGGAGTACC,,early_stage
BT1296_CTCAGAATCAGTCAGT,,early_stage
BT1296_CTCCTAGTCACGATGT,,early_stage
BT1296_CTCGTCACACGTAAGG,,early_stage
BT1296_CTCTAATCAGGATTGG,,early_stage
BT1296_CTGAAGTCATGTCTCC,,early_stage
BT1296_CTGATCCGTTAGAACA,,early_stage
BT1296_CTGTGCTGTCTCACCT,,early_stage
BT1296_CTGTTTAAGGTACTCT,,early_stage
BT1296_CTTAACTGTAGCGCTC,,early_stage
BT1296_GAACCTAGTGTTGAGG,,early_stage
BT1296_GAATAAGCATGGGAAC,,early_stage
BT1296_GACAGAGAGTGGACGT,,early_stage
BT1296_GACGTGCGTCTTTCAT,,early_stage
BT1296_GACTGCGCATTTGCCC,,early_stage
BT1296_GATCGATTCACGCGGT,,early_stage
BT1296_GATCGCGAGTAACCCT,,early_stage
BT1296_GATCGTACAAGTCTGT,,early_stage
BT1296_GATCTAGCACCGGAAA,,early_stage
BT1296_GATGAGGCATGGTCTA,,early_stage
BT1296_GCAAACTAGGCCCTCA,,early_stage
BT1296_GCACATAAGAGTACCG,,early_stage
BT1296_GCAGCCATCAGTCCCT,,early_stage
BT1296_GCAGTTACATTGAGCT,,early_stage
BT1296_GCCAAATTCTGAGTGT,,early_stage
BT1296_GCCTCTAGTCGAGATG,,early_stage
BT1296_GCGACCACAGTCACTA,,early_stage
BT1296_GCGCCAAGTCGGCACT,,early_stage
BT1296_GGACAAGAGGATGTAT,,early_stage
BT1296_GGACAAGCATATGGTC,,early_stage
BT1296_GGACGTCGTAACGCGA,,early_stage
BT1296_GGAGCAATCGTTTAGG,,early_stage
BT1296_GGCCGATGTCGCGTGT,,early_stage
BT1296_GGCTCGAAGGCGCTCT,,early_stage
BT1296_GGTATTGAGCTAGTTC,,early_stage
BT1296_GGTATTGCAGACGCTC,,early_stage
BT1296_GTAACGTGTCTTTCAT,,early_stage
BT1296_GTAGGCCAGAAAGTGG,,early_stage
BT1296_GTCAAGTTCAGGTTCA,,early_stage
BT1296_GTCACGGCAGTGGGAT,,early_stage
BT1296_GTCCTCAAGCAGGTCA,,early_stage
BT1296_GTGCAGCGTCTGGAGA,,early_stage
BT1296_GTGCAGCTCCCATTAT,,early_stage
BT1296_GTGCATAGTCATATGC,,early_stage
BT1296_GTTACAGTCACGACTA,,early_stage
BT1296_GTTTCTACAATGGAGC,,early_stage
BT1296_TAAGTGCAGCAGGTCA,,early_stage
BT1296_TAAGTGCGTATGCTTG,,early_stage
BT1296_TACAGTGAGAGCTGCA,,early_stage
BT1296_TACGGGCGTCTAGCCG,,early_stage
BT1296_TAGAGCTAGGTGCTAG,,early_stage
BT1296_TAGTTGGCAGGCTGAA,,early_stage
BT1296_TATCTCACAAGTCTAC,,early_stage
BT1296_TATCTCATCTCAAACG,,early_stage
BT1296_TATTACCAGCTGAACG,,early_stage
BT1296_TCAGCAAAGGTGATAT,,early_stage
BT1296_TCGAGGCCAAGACGTG,,early_stage
BT1296_TCGGGACAGATAGGAG,,early_stage
BT1296_TCGGTAACATCACCCT,,early_stage
BT1296_TCTGAGACATATGCTG,,early_stage
BT1296_TCTGAGAGTCTGATCA,,early_stage
BT1296_TGAGGGAAGGTACTCT,,early_stage
BT1296_TGCCCTACACCAACCG,,early_stage
BT1296_TGCGGGTAGATCCTGT,,early_stage
BT1296_TGCGTGGGTGTGACGA,,early_stage
BT1296_TGGGAAGAGGGCTTGA,,early_stage
BT1296_TGGTTAGGTCCTCTTG,,early_stage
BT1296_TTAGTTCAGCTCTCGG,,early_stage
BT1296_TTATGCTGTTGTCGCG,,early_stage
BT1296_TTCCCAGCAGCTCGCA,,early_stage
BT1296_TTCCCAGCAGTCAGCC,,early_stage
BT1296_TTCGAAGAGGGCATGT,,early_stage
BT1296_TTCGAAGCACTGTCGG,,early_stage
BT1296_TTCGAAGGTCGCGGTT,,early_stage
BT1296_TTCGGTCTCCGCATCT,,early_stage
BT1296_TTGAACGGTCAGTGGA,,early_stage
BT1296_TTGGCAACATGCTGGC,,early_stage
BT1296_TTTGTCATCAGTTCGA,,early_stage
BT1297_AAACCTGAGACTTGAA,,early_stage
BT1297_AAAGTAGAGTCAAGCG,,early_stage
BT1297_AACTCAGGTCCTCTTG,,early_stage
BT1297_AACTCCCGTCAACTGT,,early_stage
BT1297_AAGGCAGAGTACGCGA,,early_stage
BT1297_AAGTCTGAGTCCCACG,,early_stage
BT1297_ACACTGAAGACTAAGT,,early_stage
BT1297_ACACTGACATCGGAAG,,early_stage
BT1297_ACAGCTAAGATTACCC,,early_stage
BT1297_ACAGCTATCTGATACG,,early_stage
BT1297_ACCTTTAAGACGCAAC,,early_stage
BT1297_ACGAGGACACCAGGCT,,early_stage
BT1297_ACGCAGCCAGGCTGAA,,early_stage
BT1297_ACGGGCTTCTCTTGAT,,early_stage
BT1297_ACTATCTCACAGCCCA,,early_stage
BT1297_ACTGATGCAGTTCCCT,,early_stage
BT1297_ACTGCTCAGACTCGGA,,early_stage
BT1297_ACTTACTCATGCCCGA,,early_stage
BT1297_ACTTGTTAGCCAGTAG,,early_stage
BT1297_ACTTGTTCACGTAAGG,,early_stage
BT1297_AGAGCGAGTTGGGACA,,early_stage
BT1297_AGATTGCAGGCAAAGA,,early_stage
BT1297_AGCCTAAAGCCTTGAT,,early_stage
BT1297_AGCGGTCAGATGAGAG,,early_stage
BT1297_AGCGGTCCACCCATTC,,early_stage
BT1297_AGCTCTCTCGGAGGTA,,early_stage
BT1297_AGCTTGAAGACAGGCT,,early_stage
BT1297_AGGGATGTCTCTGAGA,,early_stage
BT1297_AGTAGTCAGAGCTGCA,,early_stage
BT1297_AGTCTTTGTGTGACCC,,early_stage
BT1297_AGTGAGGAGTTAGGTA,,early_stage
BT1297_AGTTGGTTCATGCAAC,,early_stage
BT1297_ATAACGCCAGTTAACC,,early_stage
BT1297_ATAACGCGTCTCTCTG,,early_stage
BT1297_ATAAGAGGTAAACGCG,,early_stage
BT1297_ATCATGGAGTGAACAT,,early_stage
BT1297_ATCCGAACACGTCAGC,,early_stage
BT1297_ATTACTCCACATAACC,,early_stage
BT1297_ATTTCTGCATGCATGT,,early_stage
BT1297_CAACCAAAGAAACCGC,,early_stage
BT1297_CACACCTGTGGGTCAA,,early_stage
BT1297_CACACCTTCATAGCAC,,early_stage
BT1297_CACATAGTCGGTGTTA,,early_stage
BT1297_CACCACTGTCTGCGGT,,early_stage
BT1297_CAGAATCGTTTGTGTG,,early_stage
BT1297_CAGCGACCAGTGGGAT,,early_stage
BT1297_CAGCGACCATAAAGGT,,early_stage
BT1297_CAGCTGGCAGCTGTTA,,early_stage
BT1297_CATATGGTCACCTTAT,,early_stage
BT1297_CATCCACAGAAGGGTA,,early_stage
BT1297_CATCCACAGCGACGTA,,early_stage
BT1297_CATCCACCAAAGAATC,,early_stage
BT1297_CATGACAAGAGCTGCA,,early_stage
BT1297_CATGCCTTCTACGAGT,,early_stage
BT1297_CCAATCCTCATCGCTC,,early_stage
BT1297_CCACCTATCGTATCAG,,early_stage
BT1297_CCACGGAGTTCTGTTT,,early_stage
BT1297_CCACGGATCCCTCTTT,,early_stage
BT1297_CCACTACGTGTTCGAT,,early_stage
BT1297_CCATTCGCAGGCTGAA,,early_stage
BT1297_CCGGTAGAGAAACCTA,,early_stage
BT1297_CCTACCACAGCTTAAC,,early_stage
BT1297_CCTACCAGTCCAGTAT,,early_stage
BT1297_CCTAGCTGTTGATTGC,,early_stage
BT1297_CCTCTGAAGCTGAAAT,,early_stage
BT1297_CCTCTGATCTGTACGA,,early_stage
BT1297_CCTTTCTTCACGCATA,,early_stage
BT1297_CCTTTCTTCTGGCGAC,,early_stage
BT1297_CGAGCACCAATGAATG,,early_stage
BT1297_CGAGCCAAGCGATCCC,,early_stage
BT1297_CGATTGATCAACGCTA,,early_stage
BT1297_CGCCAAGAGAGACTTA,,early_stage
BT1297_CGGACACCAGACGCCT,,early_stage
BT1297_CGGACGTGTTCTGAAC,,early_stage
BT1297_CGGAGCTGTACGCACC,,early_stage
BT1297_CGGTTAACAAAGCGGT,,early_stage
BT1297_CGTAGCGAGGAATCGC,,early_stage
BT1297_CGTGTAAAGATATGCA,,early_stage
BT1297_CGTGTAAAGCGTGAGT,,early_stage
BT1297_CTAACTTTCAGTACGT,,early_stage
BT1297_CTAAGACGTTCGTGAT,,early_stage
BT1297_CTAATGGTCGAGGTAG,,early_stage
BT1297_CTACATTAGTGGGCTA,,early_stage
BT1297_CTACCCAGTATAGTAG,,early_stage
BT1297_CTACCCAGTGTGTGCC,,early_stage
BT1297_CTAGCCTGTCAGATAA,,early_stage
BT1297_CTCAGAAGTAGCAAAT,,early_stage
BT1297_CTCTAATGTCTCTCGT,,early_stage
BT1297_CTGGTCTGTCGCGTGT,,early_stage
BT1297_CTGTGCTGTAAAGGAG,,early_stage
BT1297_CTTAACTCATATACCG,,early_stage
BT1297_CTTAGGAGTACTCAAC,,early_stage
BT1297_CTTGGCTAGTCATGCT,,early_stage
BT1297_CTTGGCTTCATGGTCA,,early_stage
BT1297_GAAATGATCGCACTCT,,early_stage
BT1297_GAACGGACACTTGGAT,,early_stage
BT1297_GACACGCTCTACCTGC,,early_stage
BT1297_GACCAATCACCACCAG,,early_stage
BT1297_GACGTGCAGATCGATA,,early_stage
BT1297_GACTAACCAACACCCG,,early_stage
BT1297_GACTACAAGCCCAACC,,early_stage
BT1297_GATCTAGGTCATTAGC,,early_stage
BT1297_GATTCAGAGTACATGA,,early_stage
BT1297_GCATGTAAGTAACCCT,,early_stage
BT1297_GCCTCTAAGCTAGCCC,,early_stage
BT1297_GCTCTGTTCCTCAATT,,early_stage
BT1297_GCTGCTTAGGAGTTTA,,early_stage
BT1297_GGACATTTCGAGGTAG,,early_stage
BT1297_GGGACCTCACATTAGC,,early_stage
BT1297_GGGATGAAGACTGTAA,,early_stage
BT1297_GGGTCTGGTGCTTCTC,,early_stage
BT1297_GGTATTGTCTCTGCTG,,early_stage
BT1297_GGTGCGTAGTCTCAAC,,early_stage
BT1297_GTAACTGCAGGATTGG,,early_stage
BT1297_GTACGTATCCGTCATC,,early_stage
BT1297_GTATTCTCAGTCCTTC,,early_stage
BT1297_GTCAAGTAGATTACCC,,early_stage
BT1297_GTCACAATCGACGGAA,,early_stage
BT1297_GTCATTTAGGTGTGGT,,early_stage
BT1297_GTCTCGTCAGCTTAAC,,early_stage
BT1297_GTGCAGCCACTCGACG,,early_stage
BT1297_GTGCGGTAGACTAGAT,,early_stage
BT1297_GTGCGGTTCGTTACAG,,early_stage
BT1297_GTGTGCGCAGGGTACA,,early_stage
BT1297_GTGTGCGCAGTCGTGC,,early_stage
BT1297_GTTAAGCGTGCTCTTC,,early_stage
BT1297_GTTCATTGTTTGGGCC,,early_stage
BT1297_GTTTCTAAGCCCTAAT,,early_stage
BT1297_TAAGCGTGTCCTCTTG,,early_stage
BT1297_TACCTTACACGCCAGT,,early_stage
BT1297_TACGGTATCGGTCTAA,,early_stage
BT1297_TACTCGCCAGGCAGTA,,early_stage
BT1297_TACTTGTCAAGTAGTA,,early_stage
BT1297_TACTTGTCACATTCGA,,early_stage
BT1297_TAGTGGTGTCTCTTAT,,early_stage
BT1297_TCGAGGCCAAACAACA,,early_stage
BT1297_TCGGTAACACATCTTT,,early_stage
BT1297_TCGTACCGTTATCCGA,,early_stage
BT1297_TCTCATACATAACCTG,,early_stage
BT1297_TGACGGCGTCATTAGC,,early_stage
BT1297_TGAGCATAGCGAGAAA,,early_stage
BT1297_TGATTTCGTTCAGCGC,,early_stage
BT1297_TGCACCTTCAATCACG,,early_stage
BT1297_TGCACCTTCCGAAGAG,,early_stage
BT1297_TGCCAAACACACTGCG,,early_stage
BT1297_TGCCCATTCGTTTGCC,,early_stage
BT1297_TGCGTGGTCAAGGCTT,,early_stage
BT1297_TGCGTGGTCCAAAGTC,,early_stage
BT1297_TGGCTGGTCCAAGCCG,,early_stage
BT1297_TGGGAAGCACCAGCAC,,early_stage
BT1297_TGGGAAGCATTTGCTT,,early_stage
BT1297_TGTGGTATCGGAATCT,,early_stage
BT1297_TTATGCTCATTAGCCA,,early_stage
BT1297_TTCCCAGGTACGAAAT,,early_stage
BT1297_TTCGAAGCATGAGCGA,,early_stage
BT1297_TTCTACATCTTTCCTC,,early_stage
BT1297_TTGAACGGTCGCGAAA,,early_stage
BT1297_TTGACTTAGATAGCAT,,early_stage
BT1297_TTGACTTAGTTAACGA,,early_stage
BT1297_TTTATGCTCGCGCCAA,,early_stage
BT1297_TTTGGTTGTATGAATG,,early_stage
BT1375_AAAGATGCACCCATGG,,early_stage
BT1375_CACACAACAATGCCAT,,early_stage
BT1375_CAGCATAGTGTGCGTC,,early_stage
BT1375_CAGGTGCTCTAGAGTC,,early_stage
BT1375_CATATGGAGAACTCGG,,early_stage
BT1375_CCGGTAGAGGCATTGG,,early_stage
BT1375_CGCCAAGAGTAACCCT,,early_stage
BT1375_CGCCAAGCAATAGCGG,,early_stage
BT1375_CGGAGTCGTTACGCGC,,early_stage
BT1375_CTCATTACATGTAAGA,,early_stage
BT1375_CTGGTCTGTCTCCCTA,,early_stage
BT1375_GCATACATCGCGCCAA,,early_stage
BT1375_GCCTCTACACACCGCA,,early_stage
BT1375_GCGCCAAAGGTCGGAT,,early_stage
BT1375_GGCTCGATCCTTGACC,,early_stage
BT1375_GTAGGCCTCGATAGAA,,early_stage
BT1375_GTCTCGTGTTCAGCGC,,early_stage
BT1375_TCGAGGCGTTCGGCAC,,early_stage
BT1375_TCTATTGAGTACCGGA,,early_stage
BT1375_TCTTTCCGTTAAGACA,,early_stage
BT1375_TGCGGGTTCACCAGGC,,early_stage
BT1375_TGTCCCATCCATTCTA,,early_stage
BT1375_TTAGGCAAGTCAATAG,,early_stage
BT1375_TTCTACATCTATCCCG,,early_stage
BT1376_AAATGCCCAGTATAAG,,early_stage
BT1376_ACACTGACAATGTAAG,,early_stage
BT1376_ACCGTAAAGGCCCGTT,,early_stage
BT1376_ACGCCGAGTCAAACTC,,early_stage
BT1376_AGTCTTTCACTGTGTA,,early_stage
BT1376_ATCCACCCATTGCGGC,,early_stage
BT1376_ATGTGTGCACTCGACG,,early_stage
BT1376_CACAGGCAGACTTGAA,,early_stage
BT1376_CATCAGAAGTTACGGG,,early_stage
BT1376_CATCCACAGATTACCC,,early_stage
BT1376_CCAGCGAAGGTAGCTG,,early_stage
BT1376_CCCATACTCGGAAATA,,early_stage
BT1376_CCTACACCACTAGTAC,,early_stage
BT1376_CGCGGTACATGTCCTC,,early_stage
BT1376_CGGACTGCAAGGTTCT,,early_stage
BT1376_CTAGTGATCGCAGGCT,,early_stage
BT1376_CTCTGGTCAAGGACAC,,early_stage
BT1376_CTGAAACCATGCTAGT,,early_stage
BT1376_GACTACAAGTACGATA,,early_stage
BT1376_GATGAAACAATGGTCT,,early_stage
BT1376_GCATACAGTTTCGCTC,,early_stage
BT1376_GCCTCTACAGGTGCCT,,early_stage
BT1376_GCGACCAGTCATCCCT,,early_stage
BT1376_GCGAGAATCGACGGAA,,early_stage
BT1376_GCGCAACTCTCTTATG,,early_stage
BT1376_GGGTTGCGTCCCGACA,,early_stage
BT1376_GGTGCGTTCTAACTGG,,early_stage
BT1376_GTACTCCAGCTAGCCC,,early_stage
BT1376_TACGGGCAGGCTCAGA,,early_stage
BT1376_TCAACGACAAGGTTCT,,early_stage
BT1376_TGCTGCTCACCTCGTT,,early_stage
BT1376_TTCGAAGAGAAACCAT,,early_stage
BT1376_TTGCGTCCATGAAGTA,,early_stage
BT1377_CAGCTGGTCGTTACGA,,early_stage
BT1377_CGCTATCCATCCGCGA,,early_stage
BT1377_GAACATCGTTATGCGT,,early_stage
BT1377_GACCAATTCTCAACTT,,early_stage
BT1377_GATGAGGCATATACGC,,early_stage
BT1377_TAGCCGGCACCGTTGG,,early_stage
BT1377_TATCAGGAGTTTCCTT,,early_stage
BT1377_TGCCAAAAGACCTTTG,,early_stage
BT1377_TTAGGCATCAACCAAC,,early_stage
BT1377_TTTACTGTCATGTGGT,,early_stage
